date,open,high,low,close,volume,average
2024-04-04,75.9,76.71,75.44,76.46,4467.0,76.149
2024-04-05,76.54,76.91,76.23,76.41,3429.0,76.552
2024-04-08,76.57,76.74,75.54,76.18,2276.0,76.07
2024-04-09,76.42,76.52,75.48,75.63,1811.0,75.9
2024-04-10,76.01,76.48,75.45,76.27,3500.0,76.077
2024-04-11,76.38,76.47,75.84,76.05,2378.0,76.17
2024-04-12,77.43,77.71,76.31,76.52,4502.0,77.167
2024-04-15,76.17,76.79,75.63,76.57,1676.0,76.209
2024-04-16,76.64,76.95,76.34,76.74,1469.0,76.734
2024-04-17,76.12,76.63,74.96,75.09,2876.0,75.56
2024-04-18,75.27,75.4,74.64,74.93,1240.0,75.055
2024-04-19,74.64,75.07,74.39,74.66,2361.0,74.703
2024-04-22,73.73,74.51,73.51,74.37,1312.0,74.176
2024-04-23,74.01,75.18,73.98,75.13,1711.0,74.839
2024-04-24,75.02,75.36,74.74,75.14,1857.0,75.024
2024-04-25,75.0,75.66,74.54,75.49,1451.0,75.115
2024-04-26,76.14,76.14,75.4,75.88,2866.0,75.809
2024-04-29,75.85,76.02,75.12,75.31,2335.0,75.467
2024-04-30,75.06,75.14,74.05,74.87,2258.0,74.579
2024-05-01,73.91,74.48,72.51,72.64,2995.0,73.1
2024-05-02,72.97,73.35,72.57,73.04,1482.0,72.955
2024-05-03,73.26,73.38,72.83,72.96,2152.0,73.048
2024-05-06,73.25,73.63,72.87,73.36,2082.0,73.337
2024-05-07,73.18,73.73,72.76,73.34,1515.0,73.287
2024-05-08,72.66,73.48,72.55,73.27,2168.0,73.134
2024-05-09,73.22,73.67,73.12,73.49,1462.0,73.386
2024-05-10,73.69,73.76,72.76,72.86,1387.0,73.133
2024-05-13,73.21,73.61,73.04,73.3,1848.0,73.304
2024-05-14,72.71,73.14,72.5,72.82,1908.0,72.712
2024-05-15,72.55,73.18,72.01,73.07,1695.0,72.772
2024-05-16,73.68,73.77,73.25,73.59,1363.0,73.555
2024-05-17,73.78,74.28,73.68,74.26,1990.0,74.05
2024-05-20,74.09,74.7,73.84,74.3,2188.0,74.209
2024-05-21,73.84,74.32,73.55,73.9,2222.0,73.934
2024-05-22,73.13,73.45,72.59,72.78,1930.0,73.028
2024-05-23,73.53,73.63,71.99,72.3,2870.0,72.598
2024-05-24,72.49,72.94,72.37,72.67,1680.0,72.71
2024-05-28,74.13,74.75,74.02,74.75,4048.0,74.453
2024-05-29,74.67,74.68,73.96,74.1,2174.0,74.227
2024-05-30,73.74,74.26,73.15,73.25,2764.0,73.604
2024-05-31,73.57,73.71,72.57,73.16,4163.0,73.139
2024-06-03,72.8,72.81,70.95,71.01,4074.0,71.472
2024-06-04,70.12,70.34,69.73,69.74,3346.0,69.995
2024-06-05,70.06,70.22,69.6,70.22,3662.0,70.011
2024-06-06,70.44,71.38,70.36,71.27,3970.0,71.001
2024-06-07,71.4,71.71,71.12,71.33,2431.0,71.384
2024-06-10,71.89,73.24,71.7,73.19,2257.0,72.636
2024-06-11,72.95,73.53,72.7,73.24,2931.0,73.192
2024-06-12,74.17,74.24,73.2,73.34,3439.0,73.597
2024-06-13,73.92,74.1,73.35,73.37,2321.0,73.752
2024-06-14,74.08,74.2,73.09,73.19,1881.0,73.534
2024-06-17,73.59,73.99,73.49,73.96,4634.0,73.736
2024-06-18,74.01,74.89,73.93,74.82,3887.0,74.442
2024-06-20,75.35,75.46,74.92,74.94,5071.0,75.171
2024-06-21,75.07,75.37,74.35,74.63,3632.0,74.83
2024-06-24,74.77,75.51,74.77,75.43,4466.0,75.324
2024-06-25,75.38,75.64,74.85,75.01,1871.0,75.35
2024-06-26,75.31,75.77,74.8,75.34,4304.0,75.325
2024-06-27,75.73,75.85,75.21,75.5,5351.0,75.556
2024-06-28,75.78,75.79,75.05,75.26,2828.0,75.291
2024-07-01,75.88,76.6,75.56,76.41,7458.0,76.228
2024-07-02,76.75,76.84,76.33,76.56,4065.0,76.621
2024-07-03,76.65,77.05,76.29,76.76,1895.0,76.677
2024-07-05,77.07,77.43,76.5,76.94,2515.0,76.991
2024-07-08,76.16,76.44,76.0,76.18,2170.0,76.207
2024-07-09,75.92,76.32,75.23,75.62,3280.0,75.717
2024-07-10,75.07,75.79,74.86,75.53,2778.0,75.411
2024-07-11,75.13,75.65,75.0,75.4,3028.0,75.363
2024-07-12,75.61,75.68,75.21,75.23,3170.0,75.416
2024-07-15,75.29,75.33,74.84,75.14,2165.0,75.093
2024-07-16,74.0,74.6,73.98,74.24,3156.0,74.276
2024-07-17,74.76,75.09,74.69,74.99,5011.0,74.924
2024-07-18,74.91,75.17,74.5,74.69,3719.0,74.939
2024-07-19,74.31,74.75,72.97,73.07,3130.0,73.802
2024-07-22,72.64,73.25,72.36,73.03,3573.0,72.979
2024-07-23,72.67,72.76,71.73,72.26,3569.0,72.153
2024-07-24,72.33,72.88,72.0,72.58,3447.0,72.516
2024-07-25,71.91,73.04,71.4,72.89,3336.0,72.392
2024-07-26,72.29,72.39,71.27,72.22,3365.0,71.825
2024-07-29,72.53,72.66,71.08,71.49,3542.0,71.485
2024-07-30,71.07,71.29,70.77,70.9,3569.0,70.992
2024-07-31,72.52,73.49,72.24,72.98,4255.0,72.862
2024-08-01,73.58,73.64,71.94,72.02,3696.0,72.51
2024-08-02,70.61,70.61,69.15,69.47,5443.0,69.707
2024-08-05,68.77,70.25,68.68,69.43,4967.0,69.427
2024-08-06,68.84,69.93,68.84,69.25,3825.0,69.5
2024-08-07,70.17,70.97,69.96,70.52,4780.0,70.533
2024-08-08,70.4,71.43,70.37,71.36,4763.0,70.909
2024-08-09,71.39,71.92,71.09,71.82,3244.0,71.639
2024-08-12,72.58,73.79,72.32,73.75,5923.0,73.188
2024-08-13,73.18,73.24,72.44,72.56,5102.0,72.732
2024-08-14,72.84,72.95,71.92,72.07,4734.0,72.338
2024-08-15,72.67,73.15,72.61,72.91,4497.0,72.944
2024-08-16,71.8,72.12,71.49,71.73,3811.0,71.828
2024-08-19,71.98,72.1,70.37,70.54,4454.0,70.991
2024-08-20,70.7,70.86,69.85,69.9,3168.0,70.18
2024-08-21,70.22,70.61,68.7,69.02,5111.0,69.489
2024-08-22,69.24,70.16,69.12,69.72,4184.0,69.692
2024-08-23,70.59,71.25,70.51,71.09,3232.0,70.933
2024-08-26,72.65,72.78,72.21,72.52,5790.0,72.48
2024-08-27,72.11,72.26,71.17,71.29,5556.0,71.539
2024-08-28,70.69,71.24,70.13,70.36,3412.0,70.685
2024-08-29,71.26,71.71,70.94,71.35,5282.0,71.375
2024-08-30,70.37,70.37,69.62,69.89,5724.0,69.946
2024-09-03,68.11,68.11,67.28,67.37,5532.0,67.641
2024-09-04,67.13,67.9,66.47,66.66,5502.0,66.995
2024-09-05,67.32,67.99,66.83,67.26,5530.0,67.329
2024-09-06,67.46,67.74,65.47,66.11,4829.0,66.12
2024-09-09,65.7,66.46,65.4,66.25,3117.0,66.096
2024-09-10,66.16,66.16,63.53,64.43,7702.0,64.32
2024-09-11,65.06,65.52,63.81,65.24,3893.0,64.789
2024-09-12,65.81,67.01,65.41,66.59,3053.0,66.406
2024-09-13,66.72,67.22,65.83,66.36,3080.0,66.518
2024-09-16,67.0,67.42,66.67,67.19,2070.0,67.012
2024-09-17,67.14,68.24,67.11,67.77,3159.0,67.718
2024-09-18,67.28,67.99,66.8,67.05,2812.0,67.44
2024-09-19,68.22,68.85,67.86,68.43,4163.0,68.454
2024-09-20,68.2,68.68,67.87,68.53,2481.0,68.357
2024-09-23,68.61,69.1,67.16,68.31,4074.0,68.05
2024-09-24,69.48,69.48,68.68,69.16,3778.0,69.027
2024-09-25,68.58,68.97,67.52,67.99,5331.0,68.28
2024-09-26,66.33,67.01,65.81,66.13,5670.0,66.441
2024-09-27,66.21,67.1,65.81,67.07,5053.0,66.617
2024-09-30,66.84,67.59,66.49,67.03,5546.0,67.137
2024-10-01,66.32,69.7,66.29,68.86,20279.0,68.779
2024-10-02,69.96,70.22,68.16,69.05,7166.0,69.073
2024-10-03,69.88,71.52,69.61,70.99,15206.0,70.794
2024-10-04,71.45,71.97,70.94,71.12,11083.0,71.484
2024-10-07,72.15,73.82,72.09,73.68,10017.0,73.206
2024-10-08,72.06,72.15,70.37,71.46,6647.0,71.186
2024-10-09,69.98,70.82,69.5,70.58,3585.0,70.3
2024-10-10,71.26,72.69,70.91,72.23,8572.0,72.036
2024-10-11,72.02,72.64,71.78,72.31,3595.0,72.315
2024-10-14,71.31,71.75,69.6,69.7,2164.0,71.082
2024-10-15,68.46,68.85,67.84,68.81,3191.0,68.319
2024-10-16,68.3,68.49,67.64,68.39,1732.0,68.145
2024-10-17,68.06,68.59,67.37,68.46,2503.0,68.167
2024-10-18,67.8,67.97,66.82,67.44,4543.0,67.347
2024-10-21,68.44,68.71,67.84,68.14,3040.0,68.374
2024-10-22,68.98,70.2,68.83,69.52,6448.0,69.685
2024-10-23,69.22,69.66,68.81,69.31,2358.0,69.147
2024-10-24,69.53,69.82,68.32,68.84,3342.0,68.856
2024-10-25,69.63,70.22,69.26,70.05,4487.0,69.823
2024-10-28,66.19,66.8,66.05,66.65,4881.0,66.397
2024-10-29,66.38,66.47,65.5,66.18,3299.0,65.939
2024-10-30,66.7,67.64,66.51,67.58,3136.0,67.146
2024-10-31,67.73,68.9,67.4,68.74,5621.0,68.09
2024-11-01,69.23,69.4,67.84,67.86,5312.0,68.474
2024-11-04,69.57,69.9,69.05,69.79,6397.0,69.478
2024-11-05,70.29,70.55,69.58,69.99,4125.0,70.188
2024-11-06,68.85,70.59,68.84,69.96,4937.0,69.951
2024-11-07,69.62,70.82,69.25,70.43,5932.0,70.362
2024-11-08,69.67,69.71,68.59,69.15,3906.0,68.992
2024-11-11,67.56,67.79,67.11,67.41,3787.0,67.372
2024-11-12,68.08,68.14,67.03,67.08,2497.0,67.41
2024-11-13,66.71,67.65,66.13,67.03,6028.0,67.11
2024-11-14,68.11,68.2,67.06,67.48,5322.0,67.617
2024-11-15,67.1,67.53,66.05,66.22,5270.0,66.641
2024-11-18,67.39,68.49,67.34,68.27,5885.0,68.122
2024-11-19,68.72,68.96,67.84,68.43,4705.0,68.428
2024-11-20,68.86,68.9,67.87,68.18,2603.0,68.321
2024-11-21,69.03,69.06,68.38,68.93,5166.0,68.767
2024-11-22,68.76,69.93,68.62,69.68,6621.0,69.488
2024-11-25,68.49,68.81,67.59,67.91,4608.0,67.932
2024-11-26,68.34,69.06,67.1,67.88,5384.0,68.04
2024-11-27,67.58,68.16,67.02,67.59,3028.0,67.481
2024-11-29,68.11,68.42,67.46,67.58,1030.0,67.977
2024-12-02,67.85,67.91,66.78,67.2,6353.0,67.254
2024-12-03,68.09,68.89,67.73,68.65,7467.0,68.513
2024-12-04,69.02,69.03,67.34,67.52,7342.0,67.875
2024-12-05,67.77,67.91,67.11,67.32,5079.0,67.473
2024-12-06,66.64,66.86,66.18,66.45,4712.0,66.513
2024-12-09,67.43,68.0,67.26,67.29,6070.0,67.674
2024-12-10,67.5,68.0,67.32,67.54,5264.0,67.744
2024-12-11,68.38,69.0,68.02,68.87,11559.0,68.602
2024-12-12,68.45,69.01,67.81,68.78,5788.0,68.5
2024-12-13,69.15,69.77,69.09,69.46,5861.0,69.487
2024-12-16,69.4,69.53,68.96,69.14,2567.0,69.189
2024-12-17,68.46,68.7,67.88,68.66,4528.0,68.349
2024-12-18,68.95,69.51,68.17,68.17,6083.0,68.934
2024-12-19,69.0,69.1,67.84,67.94,7551.0,68.144
2024-12-20,67.42,68.41,67.27,68.19,4863.0,67.988
2024-12-23,68.03,68.32,67.45,68.28,2836.0,67.862
2024-12-24,68.66,68.99,68.45,68.77,2160.0,68.745
2024-12-26,69.15,69.24,68.1,68.38,2181.0,68.582
2024-12-27,69.09,69.31,68.72,68.87,3998.0,69.029
2024-12-30,69.65,69.96,69.28,69.62,3324.0,69.646
2024-12-31,70.01,70.42,69.78,70.33,3583.0,70.205
2025-01-02,71.25,71.8,71.13,71.18,12133.0,71.48
2025-01-03,71.51,71.93,71.34,71.86,8170.0,71.698
2025-01-06,72.25,72.63,71.26,71.53,6668.0,71.877
2025-01-07,72.23,72.36,71.82,72.23,7219.0,72.181
2025-01-08,72.21,72.34,71.23,71.38,5158.0,71.582
2025-01-09,71.68,72.18,71.63,72.14,4817.0,71.964
2025-01-10,74.56,74.65,72.79,73.56,13836.0,73.498
2025-01-13,73.81,74.29,73.51,73.65,14782.0,73.933
2025-01-14,73.56,73.96,73.16,73.91,9699.0,73.59
2025-01-15,74.12,75.51,74.1,75.32,19666.0,74.76
2025-01-16,74.4,74.5,73.62,74.28,10190.0,74.144
2025-01-17,73.95,74.47,73.78,74.02,5764.0,74.134
2025-01-21,73.15,73.66,73.03,73.48,6527.0,73.372
2025-01-22,73.33,73.75,73.04,73.23,4960.0,73.35
2025-01-23,73.52,73.89,72.51,72.59,11346.0,73.103
2025-01-24,73.11,73.17,72.28,72.56,6723.0,72.612
2025-01-27,72.17,72.43,70.66,71.24,6119.0,71.329
2025-01-28,71.75,71.76,70.89,71.47,6904.0,71.306
2025-01-29,70.9,71.48,70.43,70.97,5182.0,70.951
2025-01-30,70.95,71.65,70.89,71.33,7419.0,71.182
2025-01-31,71.0,71.64,70.33,71.64,10268.0,70.975
2025-02-03,71.17,71.45,70.23,70.67,9793.0,70.817
2025-02-04,69.47,71.67,69.44,71.26,13464.0,71.02
2025-02-05,70.37,70.73,69.85,69.93,5691.0,70.133
2025-02-06,70.26,70.62,69.54,69.66,6606.0,69.917
2025-02-07,70.28,70.33,69.77,70.17,5376.0,70.061
2025-02-10,70.95,71.41,70.69,71.4,5267.0,71.168
2025-02-11,72.19,72.44,71.8,72.28,6767.0,72.213
2025-02-12,71.36,71.65,70.53,70.54,6605.0,71.004
2025-02-13,70.01,70.85,69.93,70.76,6401.0,70.443
2025-02-14,70.91,70.98,70.11,70.14,5810.0,70.386
2025-02-18,71.03,71.32,70.73,71.25,4460.0,71.129
2025-02-19,72.1,72.21,71.38,71.56,6110.0,71.747
2025-02-20,72.04,72.56,71.84,72.06,8057.0,72.136
2025-02-21,71.0,71.15,69.74,69.8,10421.0,70.383
2025-02-24,70.06,70.34,69.85,70.3,7126.0,70.129
2025-02-25,69.8,69.83,68.11,68.57,13825.0,68.561
2025-02-26,68.22,68.52,67.81,68.16,9656.0,68.133
2025-02-27,69.06,69.69,68.78,69.31,10705.0,69.302
2025-02-28,68.68,69.33,68.35,69.12,10233.0,68.905
2025-03-03,69.32,69.48,67.25,67.62,16836.0,68.054
2025-03-04,66.85,67.45,65.96,67.26,14167.0,66.745
2025-03-05,65.66,65.75,64.49,65.57,15964.0,65.167
2025-03-06,65.52,66.02,64.91,65.53,16660.0,65.43
2025-03-07,66.89,67.39,66.08,66.38,14260.0,66.662
2025-03-10,66.3,66.42,65.04,65.17,12443.0,65.585
2025-03-11,66.02,66.33,65.31,65.87,9773.0,65.807
2025-03-12,66.5,67.1,66.22,66.98,10317.0,66.78
2025-03-13,66.34,66.64,65.69,66.11,12331.0,66.121
2025-03-14,66.12,66.61,65.93,66.54,7998.0,66.329
2025-03-17,67.1,67.31,66.63,66.93,11294.0,66.994
2025-03-18,67.55,67.66,66.19,66.31,19597.0,66.769
2025-03-19,66.43,67.13,66.28,66.77,16678.0,66.725
2025-03-20,66.54,68.01,66.36,67.99,21851.0,67.522
2025-03-21,67.47,68.0,67.27,67.94,13846.0,67.77
2025-03-24,68.14,68.87,67.98,68.69,19481.0,68.545
2025-03-25,69.08,69.21,68.12,68.76,19741.0,68.655
2025-03-26,69.21,69.73,69.01,69.5,22171.0,69.367
2025-03-27,69.15,69.53,68.72,69.49,16192.0,69.289
2025-03-28,69.35,69.36,68.42,68.6,19924.0,68.864
2025-03-31,69.33,71.24,69.06,70.87,35933.0,70.542
2025-04-01,71.15,71.52,70.58,70.69,27070.0,70.946
2025-04-02,70.4,71.76,70.11,70.22,28972.0,70.913
2025-04-03,66.25,66.75,65.6,66.09,24973.0,66.108
2023-04-05,68.36,68.83,68.16,68.78,10.0,68.492
2023-04-06,68.79,68.8,68.45,68.62,66.0,68.754
2023-04-10,68.44,68.55,68.37,68.37,27.0,68.457
2023-04-11,68.89,69.4,68.87,69.23,367.0,69.235
2023-04-12,69.51,70.26,69.5,70.23,287.0,70.059
2023-04-13,70.49,70.53,70.03,70.11,135.0,70.157
2023-04-14,70.38,70.44,70.05,70.35,32.0,70.274
2023-04-17,69.98,69.98,69.65,69.82,6.0,69.705
2023-04-18,69.87,70.32,69.87,70.08,14.0,70.216
2023-04-19,69.01,69.54,68.87,69.14,34.0,69.036
2023-04-20,68.42,68.42,67.99,68.06,59.0,68.33
2023-04-21,68.6,69.4,68.33,69.22,24.0,68.75
2023-04-24,69.15,69.76,69.12,69.76,170.0,69.475
2023-04-25,68.22,68.44,68.13,68.16,46.0,68.197
2023-04-26,67.76,68.4,66.86,67.14,89.0,67.918
2023-04-27,67.02,67.03,66.89,67.0,21.0,66.981
2023-04-28,67.94,68.49,67.94,68.49,17.0,68.174
2023-05-01,67.5,67.61,67.48,67.61,12.0,67.503
2023-05-02,66.6,66.6,65.33,65.56,33.0,65.603
2023-05-03,64.24,64.24,63.67,63.89,56.0,64.015
2023-05-04,63.82,63.82,63.03,63.13,66.0,63.414
2023-05-05,64.49,64.9,64.46,64.83,232.0,64.667
2023-05-08,65.93,66.05,65.64,66.05,161.0,65.795
2023-05-09,66.09,66.73,65.55,66.73,149.0,66.528
2023-05-10,66.44,66.54,65.85,66.26,144.0,65.998
2023-05-11,65.21,65.5,64.97,64.97,14.0,65.333
2023-05-12,65.49,65.49,64.33,64.35,38.0,64.751
2023-05-15,64.85,65.28,64.85,65.09,45.0,65.087
2023-05-16,65.33,65.33,64.74,65.02,14.0,65.031
2023-05-17,65.97,66.71,65.97,66.54,42.0,66.211
2023-05-18,66.16,66.3,65.98,66.25,10.0,66.198
2023-05-19,66.36,66.39,65.27,65.27,177.0,66.294
2023-05-22,65.65,65.65,65.33,65.38,6.0,65.422
2023-05-23,66.13,66.13,65.92,66.0,178.0,66.054
2023-05-24,66.55,67.04,66.49,67.04,122.0,66.707
2023-05-25,65.84,65.87,64.8,65.47,154.0,65.569
2023-05-26,66.19,66.26,66.03,66.19,36.0,66.09
2023-05-30,64.72,64.72,64.16,64.36,314.0,64.244
2023-05-31,64.16,64.5,62.92,62.92,356.0,63.431
2023-06-01,63.34,65.0,63.22,64.49,127.0,64.156
2023-06-02,65.82,65.82,65.4,65.59,42.0,65.595
2023-06-05,66.13,66.13,65.14,65.14,50.0,65.694
2023-06-06,64.76,65.35,64.73,65.09,76.0,65.118
2023-06-07,65.4,65.87,65.21,65.67,48.0,65.562
2023-06-08,65.34,65.36,63.7,64.65,49.0,64.445
2023-06-09,64.95,65.4,64.38,64.5,648.0,65.108
2023-06-12,63.05,63.05,62.41,62.96,88.0,62.881
2023-06-13,64.37,64.8,64.37,64.58,26.0,64.554
2023-06-14,65.2,65.2,63.73,64.08,58.0,64.01
2023-06-15,64.69,65.62,64.69,65.42,286.0,65.494
2023-06-16,65.82,66.02,65.8,65.8,9.0,65.963
2023-06-20,64.93,65.86,64.92,65.72,47.0,65.328
2023-06-21,66.25,66.71,66.25,66.59,23.0,66.616
2023-06-22,65.25,65.52,64.79,65.14,767.0,64.876
2023-06-23,64.01,65.13,63.98,65.12,148.0,64.72
2023-06-26,65.06,65.5,64.98,65.28,53.0,65.238
2023-06-27,65.02,65.37,64.7,64.91,31.0,64.937
2023-06-28,64.7,65.67,64.6,65.26,333.0,65.506
2023-06-29,65.52,65.84,64.98,65.48,122.0,65.313
2023-06-30,65.88,66.02,65.67,65.76,30.0,65.883
2023-07-03,65.58,66.02,64.94,65.12,82.0,65.382
2023-07-04,66.0,66.12,65.96,66.12,8.0,66.026
2023-07-05,66.4,66.51,66.4,66.51,4.0,66.468
2023-07-06,65.8,65.99,65.14,65.96,22.0,65.672
2023-07-07,66.23,67.02,66.23,66.48,129.0,66.645
2023-07-10,66.96,67.14,66.76,66.84,73.0,66.84
2023-07-11,67.65,67.92,67.65,67.92,175.0,67.81
2023-07-12,68.34,68.43,67.89,68.35,421.0,68.148
2023-07-13,68.88,69.26,68.68,69.14,100.0,69.035
2023-07-14,68.89,68.94,67.98,67.98,87.0,68.335
2023-07-17,68.04,68.15,67.82,67.92,11.0,67.981
2023-07-18,68.42,68.97,68.42,68.84,95.0,68.667
2023-07-19,69.34,69.51,68.81,69.07,276.0,69.094
2023-07-20,69.52,69.58,68.68,69.19,373.0,69.17
2023-07-21,69.31,69.89,69.24,69.89,109.0,69.633
2023-07-24,70.45,70.99,70.45,70.79,217.0,70.771
2023-07-25,70.72,71.16,70.71,71.07,658.0,71.054
2023-07-26,70.91,71.25,70.76,70.82,113.0,70.992
2023-07-27,71.35,71.56,71.25,71.49,250.0,71.351
2023-07-28,71.46,72.0,71.44,71.97,239.0,71.684
2023-07-31,72.63,72.64,72.34,72.53,640.0,72.5
2023-08-01,72.17,72.53,71.99,72.27,273.0,72.232
2023-08-02,71.93,72.04,70.88,71.05,17.0,71.187
2023-08-03,71.92,72.42,71.92,72.29,148.0,72.363
2023-08-04,72.52,73.23,72.36,73.1,85.0,72.85
2023-08-07,72.54,73.36,72.54,73.0,94.0,72.797
2023-08-08,72.19,73.62,72.19,73.6,211.0,73.304
2023-08-09,73.82,74.15,73.7,74.15,887.0,73.936
2023-08-10,73.94,73.94,73.3,73.47,210.0,73.473
2023-08-11,73.43,73.75,73.3,73.39,514.0,73.44
2023-08-14,73.06,73.17,72.84,73.15,281.0,73.147
2023-08-15,72.61,72.61,72.08,72.4,18.0,72.341
2023-08-16,72.61,72.89,71.83,72.24,36.0,72.414
2023-08-17,72.91,72.94,72.38,72.57,171.0,72.484
2023-08-18,72.43,73.08,72.32,73.08,59.0,72.85
2023-08-21,73.57,73.57,73.09,73.09,16.0,73.228
2023-08-22,73.41,73.43,72.78,72.9,239.0,73.19
2023-08-23,71.63,72.41,71.4,72.41,77.0,72.105
2023-08-24,71.84,72.08,71.52,71.96,1519.0,71.884
2023-08-25,72.6,72.7,71.38,72.52,302.0,72.047
2023-08-28,72.72,73.06,72.07,72.33,1055.0,72.364
2023-08-29,72.09,72.99,71.85,72.96,611.0,72.552
2023-08-30,73.26,73.37,72.77,73.01,347.0,73.125
2023-08-31,73.47,73.72,73.14,73.69,160.0,73.536
2023-09-01,74.37,74.77,74.27,74.6,419.0,74.563
2023-09-05,75.74,76.12,75.06,75.12,1607.0,75.563
2023-09-06,75.07,75.56,75.01,75.27,575.0,75.375
2023-09-07,75.5,75.53,75.1,75.18,353.0,75.387
2023-09-08,75.44,75.65,75.26,75.29,1493.0,75.456
2023-09-11,75.81,75.82,75.46,75.47,143.0,75.718
2023-09-12,75.96,76.29,75.93,75.93,916.0,76.082
2023-09-13,75.83,75.92,75.64,75.92,52.0,75.844
2023-09-14,76.46,76.56,76.26,76.5,566.0,76.465
2023-09-15,75.95,76.36,75.95,76.27,129.0,76.239
2023-09-18,76.5,76.73,76.21,76.21,389.0,76.388
2023-09-19,76.7,76.73,76.34,76.46,173.0,76.571
2023-09-20,76.37,76.49,75.96,75.96,152.0,76.338
2023-09-21,76.53,76.7,76.25,76.26,1198.0,76.585
2023-09-22,76.42,76.53,75.33,75.48,341.0,75.976
2023-09-25,75.42,75.59,75.19,75.57,855.0,75.353
2023-09-26,75.35,76.0,75.33,75.77,287.0,75.621
2023-09-27,76.36,76.57,76.2,76.2,326.0,76.43
2023-09-28,76.23,76.42,75.67,75.91,732.0,76.269
2023-09-29,76.1,76.1,75.33,75.41,127.0,75.565
2023-10-02,75.82,75.82,75.0,75.22,177.0,75.206
2023-10-03,75.21,75.28,74.84,75.24,70.0,75.037
2023-10-04,73.78,73.83,71.68,71.83,228.0,72.49
2023-10-05,71.25,71.47,70.6,71.03,152.0,71.049
2023-10-06,71.19,71.19,70.44,70.66,406.0,70.798
2023-10-09,72.34,72.94,72.34,72.71,520.0,72.678
2023-10-10,73.01,73.34,72.73,73.29,328.0,72.993
2023-10-11,73.17,73.71,72.4,73.53,370.0,72.856
2023-10-12,73.46,73.9,72.95,73.34,276.0,73.471
2023-10-13,74.54,75.53,74.46,75.36,793.0,75.009
2023-10-16,75.22,75.53,74.87,75.53,174.0,75.173
2023-10-17,75.26,75.85,74.89,75.84,451.0,75.224
2023-10-18,75.98,76.4,75.98,76.0,299.0,76.094
2023-10-19,75.61,76.6,75.61,76.48,487.0,76.342
2023-10-20,76.25,76.5,75.56,75.79,561.0,76.243
2023-10-23,75.7,76.04,74.95,75.26,212.0,75.381
2023-10-24,74.91,75.04,73.88,74.49,138.0,74.567
2023-10-25,74.55,75.71,73.83,75.5,140.0,74.898
2023-10-26,74.6,74.92,74.5,74.77,73.0,74.705
2023-10-27,75.06,75.74,74.58,75.16,66.0,75.006
2023-10-30,74.9,75.03,73.72,74.15,509.0,74.251
2023-10-31,74.46,74.81,73.5,73.98,271.0,74.094
2023-11-01,74.66,74.84,73.25,73.49,153.0,74.034
2023-11-02,73.87,74.66,73.8,74.58,523.0,74.211
2023-11-03,73.92,74.52,73.17,73.6,356.0,73.729
2023-11-06,74.62,74.92,74.22,74.23,289.0,74.682
2023-11-07,72.55,72.56,71.5,71.55,236.0,71.68
2023-11-08,71.35,71.58,70.23,70.59,467.0,70.622
2023-11-09,70.8,71.56,70.65,70.85,276.0,71.012
2023-11-10,71.53,72.16,71.51,71.96,71.0,71.834
2023-11-13,71.9,72.77,71.9,72.77,602.0,72.553
2023-11-14,72.88,73.41,72.21,72.32,976.0,73.008
2023-11-15,72.13,72.59,71.85,71.98,761.0,72.247
2023-11-16,70.81,70.81,69.31,69.61,421.0,69.826
2023-11-17,70.39,71.73,70.39,71.61,442.0,71.201
2023-11-20,72.72,73.22,72.54,72.54,852.0,73.059
2023-11-21,72.43,72.76,72.3,72.71,542.0,72.484
2023-11-22,70.24,72.14,69.95,71.92,175.0,70.902
2023-11-24,71.89,72.4,71.1,71.1,179.0,72.021
2023-11-27,71.18,71.87,70.73,71.01,129.0,71.221
2023-11-28,71.8,72.2,71.52,71.54,517.0,71.934
2023-11-29,72.46,72.77,71.65,72.41,1327.0,72.504
2023-11-30,73.09,73.44,70.53,70.56,397.0,71.751
2023-12-01,71.2,71.95,70.09,70.42,238.0,71.251
2023-12-04,70.24,71.24,69.77,70.52,287.0,70.595
2023-12-05,70.84,71.0,69.39,69.51,138.0,69.982
2023-12-06,68.27,68.44,67.75,67.78,405.0,68.056
2023-12-07,68.33,68.4,67.49,67.92,265.0,67.931
2023-12-08,68.73,69.14,68.53,69.01,137.0,68.869
2023-12-11,68.93,69.56,68.77,69.44,238.0,69.207
2023-12-12,68.12,68.22,67.42,67.66,536.0,67.742
2023-12-13,67.84,68.74,67.81,68.74,570.0,68.42
2023-12-14,70.1,70.52,69.99,70.07,522.0,70.271
2023-12-15,70.19,70.24,69.39,70.12,476.0,69.968
2023-12-18,71.61,72.09,70.52,70.59,624.0,71.21
2023-12-19,70.92,71.86,70.92,71.45,653.0,71.427
2023-12-20,71.9,72.02,70.82,70.82,746.0,71.464
2023-12-21,70.35,70.8,70.25,70.6,658.0,70.494
2023-12-22,70.83,70.96,69.7,69.72,99.0,70.093
2023-12-26,71.37,71.69,70.77,70.81,125.0,71.269
2023-12-27,70.93,71.27,70.05,70.05,439.0,70.372
2023-12-28,69.83,70.18,68.68,68.87,216.0,69.122
2023-12-29,69.12,69.12,68.14,68.24,183.0,68.586
2024-01-02,69.03,69.03,67.68,67.88,422.0,68.161
2024-01-03,68.56,69.67,68.51,69.42,187.0,69.256
2024-01-04,69.37,69.6,68.05,68.68,344.0,68.829
2024-01-05,69.73,69.91,69.3,69.6,305.0,69.746
2024-01-08,67.57,67.95,67.17,67.75,484.0,67.519
2024-01-09,68.16,68.81,67.98,68.48,240.0,68.526
2024-01-10,69.02,69.34,67.93,68.05,180.0,68.581
2024-01-11,69.28,69.65,68.49,69.03,511.0,69.0
2024-01-12,70.31,70.69,69.17,69.17,287.0,69.761
2024-01-16,69.02,69.31,68.37,68.45,172.0,68.817
2024-01-17,67.76,68.86,67.65,68.74,184.0,68.303
2024-01-18,68.78,69.61,68.74,69.25,840.0,69.335
2024-01-19,69.55,69.77,68.78,68.93,220.0,69.17
2024-01-22,69.22,70.46,69.22,70.06,548.0,69.975
2024-01-23,69.67,70.37,69.6,70.0,271.0,69.948
2024-01-24,70.28,70.9,69.95,70.49,857.0,70.341
2024-01-25,71.19,71.68,70.92,71.4,1181.0,71.308
2024-01-26,71.35,72.21,70.71,72.09,1420.0,71.888
2024-01-29,71.71,71.71,71.0,71.45,543.0,71.446
2024-01-30,71.44,72.17,71.25,71.98,537.0,71.791
2024-01-31,71.57,71.71,70.39,70.62,585.0,70.818
2024-02-01,70.9,71.16,68.98,69.34,989.0,69.955
2024-02-02,68.33,68.52,67.86,68.35,609.0,68.21
2024-02-05,68.16,69.01,67.93,68.83,548.0,68.65
2024-02-06,69.06,69.51,68.79,69.11,327.0,69.102
2024-02-07,69.21,69.65,69.04,69.57,366.0,69.305
2024-02-08,70.32,70.9,70.29,70.64,723.0,70.642
2024-02-09,71.21,71.47,70.88,71.25,718.0,71.179
2024-02-12,71.21,71.56,71.1,71.33,314.0,71.349
2024-02-13,71.63,71.9,71.24,71.45,646.0,71.68
2024-02-14,71.9,72.16,70.65,70.72,801.0,71.328
2024-02-15,70.96,71.9,70.96,71.19,1182.0,71.519
2024-02-16,71.2,71.7,71.12,71.51,1034.0,71.436
2024-02-20,71.5,71.52,70.6,70.89,907.0,71.08
2024-02-21,70.82,71.18,70.79,71.03,792.0,70.975
2024-02-22,70.64,71.46,70.6,71.25,857.0,71.213
2024-02-23,70.37,70.65,70.1,70.32,616.0,70.33
2024-02-26,70.28,71.22,70.21,70.83,351.0,70.791
2024-02-27,70.97,71.42,70.93,71.1,928.0,71.176
2024-02-28,71.44,71.58,70.64,70.8,1579.0,71.236
2024-02-29,70.74,71.17,70.55,70.77,641.0,70.851
2024-03-01,71.31,71.84,71.04,71.07,1410.0,71.565
2024-03-04,71.58,71.59,70.88,71.41,1605.0,71.239
2024-03-05,70.93,71.39,70.69,70.8,1633.0,70.922
2024-03-06,71.45,71.9,71.13,71.21,2085.0,71.496
2024-03-07,70.83,71.69,70.83,71.5,681.0,71.364
2024-03-08,71.13,71.22,70.49,70.8,1198.0,70.893
2024-03-11,70.86,71.58,70.4,71.55,627.0,71.141
2024-03-12,71.25,71.74,71.09,71.37,959.0,71.33
2024-03-13,72.3,72.54,71.94,72.33,2060.0,72.285
2024-03-14,72.76,73.22,72.65,72.93,2391.0,72.977
2024-03-15,73.06,73.47,72.97,73.31,1081.0,73.287
2024-03-18,73.78,74.18,73.57,74.0,2227.0,73.947
2024-03-19,74.35,74.52,74.18,74.29,3121.0,74.388
2024-03-20,73.69,73.97,73.31,73.85,1810.0,73.579
2024-03-21,73.62,73.77,73.28,73.55,1003.0,73.504
2024-03-22,73.71,73.71,73.09,73.18,1030.0,73.312
2024-03-25,73.68,74.31,73.68,74.09,1636.0,73.986
2024-03-26,74.23,74.23,73.59,73.67,819.0,73.96
2024-03-27,73.64,74.04,73.55,74.01,1119.0,73.728
2024-03-28,74.42,74.68,74.23,74.42,1457.0,74.459
2024-04-01,74.55,74.91,74.35,74.73,2455.0,74.685
2024-04-02,75.1,75.46,74.72,75.36,2772.0,75.033
2024-04-03,75.68,75.89,75.63,75.77,3449.0,75.798
2022-04-05,76.34,76.34,76.34,76.34,0.0,76.34
2022-04-06,75.15,75.15,75.15,75.15,0.0,75.15
2022-04-07,76.24,76.24,76.24,76.24,0.0,76.24
2022-04-08,76.16,76.33,76.16,76.33,15.0,76.16
2022-04-11,76.0,76.0,75.5,75.5,1.0,76.0
2022-04-12,76.04,76.04,76.04,76.04,0.0,76.04
2022-04-13,76.5,76.56,76.5,76.56,1.0,76.5
2022-04-14,75.86,76.0,75.86,75.86,57.0,75.994
2022-04-18,75.33,75.33,75.33,75.33,0.0,75.33
2022-04-19,73.37,73.37,73.37,73.37,0.0,73.37
2022-04-20,73.39,73.39,73.39,73.39,0.0,73.39
2022-04-21,74.63,74.63,74.63,74.63,0.0,74.63
2022-04-22,72.81,72.81,72.81,72.81,0.0,72.81
2022-04-25,71.98,71.98,71.98,71.98,0.0,71.98
2022-04-26,72.09,72.09,72.09,72.09,0.0,72.09
2022-04-27,71.63,71.63,71.63,71.63,0.0,71.63
2022-04-28,71.71,71.71,71.71,71.71,0.0,71.71
2022-04-29,72.3,72.3,71.05,71.05,1.0,72.3
2022-05-02,71.34,71.34,71.34,71.34,0.0,71.34
2022-05-03,71.47,71.47,71.47,71.47,0.0,71.47
2022-05-04,73.25,73.25,73.25,73.25,0.0,73.25
2022-05-05,73.57,73.57,73.57,73.57,0.0,73.57
2022-05-06,73.61,73.61,73.61,73.61,0.0,73.61
2022-05-09,71.31,71.31,71.31,71.31,0.0,71.31
2022-05-10,71.14,71.14,71.14,71.14,0.0,71.14
2022-05-11,74.33,74.33,74.33,74.33,0.0,74.33
2022-05-12,73.95,73.95,73.95,73.95,0.0,73.95
2022-05-13,73.99,73.99,73.99,73.99,0.0,73.99
2022-05-16,74.07,74.07,74.07,74.07,0.0,74.07
2022-05-17,74.61,74.61,74.61,74.61,0.0,74.61
2022-05-18,73.59,73.59,73.59,73.59,0.0,73.59
2022-05-19,74.28,74.28,74.28,74.28,0.0,74.28
2022-05-20,73.78,73.78,73.78,73.78,0.0,73.78
2022-05-23,74.88,74.88,74.84,74.84,1.0,74.88
2022-05-24,75.55,75.55,75.15,75.15,1.0,75.55
2022-05-25,75.49,75.49,75.49,75.49,0.0,75.49
2022-05-26,75.85,75.87,75.67,75.67,3.0,75.863
2022-05-27,75.62,75.62,75.62,75.62,0.0,75.62
2022-05-31,75.01,75.01,75.01,75.01,0.0,75.01
2022-06-01,75.18,75.18,75.18,75.18,0.0,75.18
2022-06-02,75.89,75.89,75.89,75.89,0.0,75.89
2022-06-03,75.68,75.68,75.68,75.68,0.0,75.68
2022-06-06,75.55,75.55,75.33,75.33,4.0,75.55
2022-06-07,77.45,77.45,77.13,77.13,1.0,77.45
2022-06-08,78.25,78.25,77.82,77.97,2.0,78.035
2022-06-09,78.7,78.87,78.7,78.82,7.0,78.846
2022-06-10,77.7,78.3,77.7,78.3,7.0,78.19
2022-06-13,78.99,79.14,78.93,78.94,298.0,79.0
2022-06-14,78.07,78.07,78.07,78.07,0.0,78.07
2022-06-15,77.62,77.69,77.6,77.69,44.0,77.614
2022-06-16,79.01,79.01,79.01,79.01,0.0,79.01
2022-06-17,77.39,77.39,76.66,76.66,6.0,77.327
2022-06-21,76.01,76.46,76.01,76.46,3.0,76.163
2022-06-22,75.5,75.5,74.31,75.14,4.0,75.192
2022-06-23,72.49,72.49,72.49,72.49,0.0,72.49
2022-06-24,74.89,74.89,74.46,74.46,1.0,74.89
2022-06-27,75.62,75.62,75.62,75.62,0.0,75.62
2022-06-28,77.49,77.49,77.49,77.49,0.0,77.49
2022-06-29,76.71,76.71,76.71,76.71,0.0,76.71
2022-06-30,74.07,74.07,74.07,74.07,0.0,74.07
2022-07-01,73.98,73.98,73.98,73.98,0.0,73.98
2022-07-05,69.96,69.96,69.96,69.96,0.0,69.96
2022-07-06,69.11,69.39,69.11,69.39,37.0,69.164
2022-07-07,71.64,71.64,71.64,71.64,0.0,71.64
2022-07-08,72.45,72.45,72.45,72.45,0.0,72.45
2022-07-11,72.55,73.35,72.45,73.35,29.0,73.167
2022-07-12,71.2,71.2,71.2,71.2,0.0,71.2
2022-07-13,71.26,71.26,71.26,71.26,1.0,71.26
2022-07-14,71.39,71.39,71.39,71.39,5.0,71.39
2022-07-15,71.53,71.53,71.53,71.53,0.0,71.53
2022-07-18,74.03,74.03,74.03,74.03,0.0,74.03
2022-07-20,73.92,73.92,73.83,73.83,80.0,73.862
2022-07-25,73.47,73.47,73.47,73.47,0.0,73.47
2022-07-26,73.7,73.71,73.51,73.51,4.0,73.65
2022-07-27,74.78,75.29,74.78,75.17,34.0,75.246
2022-07-28,74.6,74.6,74.03,74.03,1.0,74.6
2022-07-29,75.07,75.07,75.07,75.07,0.0,75.07
2022-08-01,73.6,73.6,73.6,73.6,0.0,73.6
2022-08-02,75.11,75.11,75.11,75.11,0.0,75.11
2022-08-03,75.7,75.7,74.11,74.44,4.0,74.868
2022-08-04,74.31,74.31,72.02,72.33,4.0,72.788
2022-08-05,72.33,72.33,72.18,72.21,2.0,72.255
2022-08-08,73.72,73.93,73.42,73.93,138.0,73.659
2022-08-09,73.33,73.58,73.33,73.58,1.0,73.33
2022-08-10,73.69,74.99,73.69,74.93,3.0,74.503
2022-08-11,75.21,75.65,75.05,75.22,20.0,75.261
2022-08-12,74.65,74.96,74.65,74.96,1.0,74.65
2022-08-15,74.32,74.32,74.32,74.32,0.0,74.32
2022-08-16,73.38,73.38,73.38,73.38,0.0,73.38
2022-08-17,73.6,73.6,73.6,73.6,0.0,73.6
2022-08-18,73.38,73.51,73.13,73.13,290.0,73.422
2022-08-19,72.52,73.01,72.2,72.71,269.0,72.913
2022-08-22,71.58,72.76,71.58,72.76,38.0,72.501
2022-08-23,73.31,73.31,73.31,73.31,0.0,73.31
2022-08-24,72.85,72.96,72.81,72.96,2.0,72.83
2022-08-25,72.74,72.85,72.25,72.25,71.0,72.772
2022-08-26,72.12,72.22,72.12,72.22,30.0,72.12
2022-08-29,73.32,73.44,72.93,72.93,107.0,73.311
2022-08-30,71.65,71.77,71.24,71.24,76.0,71.703
2022-08-31,71.1,71.1,71.1,71.1,0.0,71.1
2022-09-01,70.01,70.01,69.52,69.52,11.0,70.01
2022-09-02,69.54,69.54,69.54,69.54,0.0,69.54
2022-09-06,69.19,69.68,69.01,69.68,10.0,69.516
2022-09-07,67.27,67.27,67.27,67.27,0.0,67.27
2022-09-08,67.36,67.36,67.36,67.36,0.0,67.36
2022-09-09,69.65,69.65,69.65,69.65,0.0,69.65
2022-09-12,70.51,70.55,70.27,70.27,8.0,70.365
2022-09-13,69.18,70.67,69.18,70.55,10.0,69.903
2022-09-14,71.5,71.5,71.5,71.5,5.0,71.5
2022-09-15,68.82,68.82,68.82,68.82,1.0,68.82
2022-09-16,68.26,68.26,68.26,68.26,0.0,68.26
2022-09-19,68.17,68.17,68.17,68.17,0.0,68.17
2022-09-20,67.59,67.59,67.59,67.59,1.0,67.59
2022-09-21,66.06,66.24,65.99,66.21,47.0,66.12
2022-09-22,66.2,66.4,66.2,66.4,108.0,66.202
2022-09-23,64.64,64.64,64.17,64.41,3.0,64.407
2022-09-26,63.59,63.59,63.59,63.59,1.0,63.59
2022-09-27,64.25,64.25,64.25,64.25,70.0,64.25
2022-09-28,64.75,65.94,64.75,65.15,216.0,64.982
2022-09-29,65.09,65.3,65.06,65.27,109.0,65.246
2022-09-30,64.0,64.13,63.68,63.69,16.0,63.836
2022-10-03,65.27,65.27,65.12,65.15,14.0,65.182
2022-10-04,66.1,66.67,66.1,66.54,516.0,66.249
2022-10-05,68.03,68.03,68.03,68.03,1.0,68.03
2022-10-06,69.05,69.05,69.05,69.05,1.0,69.05
2022-10-07,70.1,70.1,70.03,70.03,3.0,70.053
2022-10-10,69.29,69.29,69.29,69.29,0.0,69.29
2022-10-11,67.5,67.78,67.5,67.78,4.0,67.71
2022-10-12,67.4,67.4,67.14,67.18,6.0,67.243
2022-10-13,67.93,67.93,67.93,67.93,0.0,67.93
2022-10-14,66.6,66.6,66.6,66.6,1.0,66.6
2022-10-17,67.51,67.51,67.51,67.51,6.0,67.51
2022-10-18,67.8,67.8,67.8,67.8,0.0,67.8
2022-10-19,68.79,69.1,68.7,69.05,85.0,68.865
2022-10-20,69.71,69.78,68.93,68.95,52.0,69.32
2022-10-21,68.34,68.46,68.3,68.43,150.0,68.345
2022-10-24,68.28,68.28,68.28,68.28,0.0,68.28
2022-10-25,69.25,69.25,69.25,69.25,0.0,69.25
2022-10-26,69.26,69.86,69.25,69.86,27.0,69.282
2022-10-27,70.21,70.21,70.21,70.21,2.0,70.21
2022-10-28,69.63,69.63,69.63,69.63,0.0,69.63
2022-10-31,69.96,69.96,69.96,69.96,2.0,69.96
2022-11-01,70.58,70.58,70.21,70.21,3.0,70.457
2022-11-02,71.47,71.47,71.47,71.47,0.0,71.47
2022-11-03,70.83,70.83,70.83,70.83,1.0,70.83
2022-11-04,72.41,72.45,72.4,72.45,29.0,72.407
2022-11-07,72.33,72.43,72.2,72.42,4.0,72.345
2022-11-08,72.03,72.03,71.97,71.97,20.0,72.024
2022-11-09,69.64,69.64,69.64,69.64,0.0,69.64
2022-11-10,69.66,70.01,69.48,69.48,17.0,69.627
2022-11-11,71.07,71.07,70.73,70.73,27.0,70.787
2022-11-14,70.04,70.04,70.04,70.04,6.0,70.04
2022-11-15,70.87,71.4,70.75,71.39,50.0,71.13
2022-11-16,70.38,70.38,70.38,70.38,5.0,70.38
2022-11-17,69.61,69.61,68.95,68.95,13.0,69.001
2022-11-18,69.36,69.36,69.36,69.36,0.0,69.36
2022-11-21,68.25,68.25,68.25,68.25,2.0,68.25
2022-11-22,70.61,70.63,70.23,70.23,61.0,70.363
2022-11-23,69.75,69.75,69.75,69.75,0.0,69.75
2022-11-25,69.24,69.24,69.24,69.24,0.0,69.24
2022-11-28,69.39,69.39,69.39,69.39,8.0,69.39
2022-11-29,70.1,70.26,70.09,70.26,52.0,70.094
2022-11-30,71.0,71.0,70.96,70.96,22.0,70.978
2022-12-01,71.57,71.66,71.52,71.66,11.0,71.61
2022-12-02,71.89,71.91,71.7,71.7,161.0,71.828
2022-12-05,72.59,72.59,72.2,72.2,2.0,72.395
2022-12-06,69.58,69.58,69.58,69.58,3.0,69.58
2022-12-07,68.6,68.6,67.8,67.8,2.0,68.2
2022-12-08,67.43,67.53,67.43,67.53,3.0,67.497
2022-12-09,68.4,68.56,68.18,68.47,32.0,68.442
2022-12-12,68.64,68.64,68.64,68.64,1.0,68.64
2022-12-13,68.78,68.78,68.78,68.78,0.0,68.78
2022-12-14,69.11,69.11,69.11,69.11,0.0,69.11
2022-12-15,68.35,68.35,68.28,68.28,14.0,68.291
2022-12-16,67.01,67.84,67.01,67.84,13.0,67.675
2022-12-19,67.77,67.77,67.77,67.77,0.0,67.77
2022-12-20,68.39,68.39,68.39,68.39,1.0,68.39
2022-12-21,69.08,69.08,69.05,69.05,15.0,69.06
2022-12-22,68.97,68.97,67.91,67.91,113.0,68.583
2022-12-23,69.5,69.5,69.5,69.5,0.0,69.5
2022-12-27,69.57,69.57,69.57,69.57,0.0,69.57
2022-12-28,69.53,69.53,69.41,69.41,11.0,69.421
2022-12-29,69.2,69.2,69.2,69.2,2.0,69.2
2022-12-30,70.39,70.39,70.39,70.39,1.0,70.39
2023-01-03,69.3,69.3,69.3,69.3,8.0,69.3
2023-01-04,67.44,67.44,67.44,67.44,2.0,67.44
2023-01-05,67.94,67.94,67.94,67.94,0.0,67.94
2023-01-06,68.36,68.69,68.16,68.16,14.0,68.629
2023-01-09,69.22,69.22,69.22,69.22,10.0,69.22
2023-01-10,69.3,69.3,68.67,68.67,345.0,68.895
2023-01-11,69.17,69.51,69.17,69.51,24.0,69.413
2023-01-12,70.6,70.65,70.3,70.42,29.0,70.509
2023-01-13,70.93,70.93,70.93,70.93,0.0,70.93
2023-01-17,69.98,70.26,69.98,70.26,7.0,70.154
2023-01-18,70.32,70.32,69.51,69.64,3.0,69.823
2023-01-19,70.28,70.28,70.28,70.28,0.0,70.28
2023-01-20,70.55,70.7,70.52,70.7,57.0,70.538
2023-01-23,71.42,71.42,71.42,71.42,0.0,71.42
2023-01-24,70.39,70.39,70.39,70.39,0.0,70.39
2023-01-25,70.59,70.59,70.01,70.01,21.0,70.514
2023-01-26,70.01,70.34,69.98,69.98,152.0,70.242
2023-01-27,69.25,69.25,69.25,69.25,0.0,69.25
2023-01-30,68.67,68.67,68.67,68.67,0.0,68.67
2023-01-31,69.68,69.7,69.68,69.7,2.0,69.69
2023-02-01,69.46,69.46,68.15,68.15,18.0,68.629
2023-02-02,67.9,68.78,67.9,68.2,10.0,68.516
2023-02-03,68.46,68.85,66.56,66.56,26.0,67.415
2023-02-06,66.61,66.61,66.5,66.5,6.0,66.592
2023-02-07,68.75,68.84,68.34,68.52,169.0,68.724
2023-02-08,68.9,69.02,68.84,69.02,121.0,68.898
2023-02-09,68.57,68.57,68.34,68.55,56.0,68.484
2023-02-10,69.77,69.8,69.54,69.54,5.0,69.784
2023-02-13,69.71,70.21,69.71,70.21,31.0,70.087
2023-02-14,69.19,70.01,69.19,70.01,19.0,69.548
2023-02-15,69.51,70.08,69.25,70.08,30.0,69.651
2023-02-16,70.1,70.1,70.1,70.1,0.0,70.1
2023-02-17,68.83,68.83,68.83,68.83,0.0,68.83
2023-02-21,69.51,69.51,68.68,68.68,39.0,69.186
2023-02-22,68.07,68.07,67.76,67.76,14.0,67.939
2023-02-23,68.58,68.58,68.58,68.58,1.0,68.58
2023-02-24,67.91,68.6,67.91,68.57,13.0,68.123
2023-02-27,67.97,67.97,67.79,67.79,4.0,67.835
2023-02-28,68.41,68.41,68.21,68.21,12.0,68.242
2023-03-01,68.15,68.15,68.15,68.15,15.0,68.15
2023-03-02,68.64,68.64,68.6,68.6,80.0,68.613
2023-03-03,69.54,69.65,69.54,69.57,78.0,69.63
2023-03-06,69.69,70.29,69.69,70.26,18.0,69.938
2023-03-07,69.66,69.66,68.39,68.39,243.0,69.448
2023-03-08,68.0,68.01,67.99,68.01,15.0,68.0
2023-03-09,68.54,68.75,67.24,67.24,7.0,67.964
2023-03-10,67.73,67.96,67.72,67.79,117.0,67.915
2023-03-13,66.63,67.31,66.62,66.74,82.0,66.856
2023-03-14,66.29,66.53,65.4,65.46,14.0,66.135
2023-03-15,64.1,64.2,62.51,63.96,132.0,63.164
2023-03-16,63.11,64.16,62.51,64.16,41.0,62.984
2023-03-17,63.69,64.07,63.34,63.66,28.0,63.764
2023-03-20,63.52,63.75,63.36,63.75,24.0,63.485
2023-03-21,64.8,64.8,64.05,64.63,6.0,64.5
2023-03-22,65.03,65.09,64.82,65.09,23.0,64.964
2023-03-23,65.44,65.44,64.57,64.63,117.0,65.309
2023-03-24,63.82,64.61,63.75,64.58,9.0,64.302
2023-03-27,65.28,66.57,65.28,66.44,23.0,66.032
2023-03-28,66.56,67.26,66.53,66.84,197.0,66.749
2023-03-29,67.13,67.34,66.43,66.43,179.0,66.607
2023-03-30,66.9,66.9,66.58,66.58,3.0,66.793
2023-03-31,67.44,67.6,66.93,67.41,300.0,67.409
2023-04-03,69.09,69.2,68.35,68.38,209.0,68.848
2023-04-04,68.96,68.96,68.46,68.63,48.0,68.716
2021-04-05,50.94,50.94,50.94,50.94,0.0,50.94
2021-04-06,51.66,51.66,51.66,51.66,0.0,51.66
2021-04-07,51.88,51.88,51.88,51.88,0.0,51.88
2021-04-08,51.02,51.02,51.02,51.02,0.0,51.02
2021-04-09,51.29,51.29,51.29,51.29,0.0,51.29
2021-04-12,51.94,51.94,51.94,51.94,0.0,51.94
2021-04-13,52.23,52.23,52.23,52.23,0.0,52.23
2021-04-14,52.87,52.87,52.87,52.87,0.0,52.87
2021-04-15,52.43,52.43,52.43,52.43,0.0,52.43
2021-04-16,52.03,52.03,52.03,52.03,0.0,52.03
2021-04-19,52.07,52.07,52.07,52.07,0.0,52.07
2021-04-20,51.54,51.54,51.54,51.54,0.0,51.54
2021-04-21,51.23,51.23,51.23,51.23,0.0,51.23
2021-04-22,51.81,51.81,51.81,51.81,0.0,51.81
2021-04-23,52.26,52.26,52.26,52.26,0.0,52.26
2021-04-26,52.33,52.33,52.33,52.33,0.0,52.33
2021-04-27,52.88,52.88,52.88,52.88,0.0,52.88
2021-04-28,53.0,53.0,53.0,53.0,0.0,53.0
2021-04-29,53.42,53.42,53.42,53.42,0.0,53.42
2021-04-30,52.67,52.67,52.67,52.67,0.0,52.67
2021-05-03,53.0,53.0,53.0,53.0,0.0,53.0
2021-05-04,53.66,53.66,53.66,53.66,0.0,53.66
2021-05-05,53.84,53.84,53.84,53.84,0.0,53.84
2021-05-06,53.97,53.97,53.97,53.97,0.0,53.97
2021-05-07,54.21,54.21,54.21,54.21,0.0,54.21
2021-05-10,54.29,54.29,54.29,54.29,0.0,54.29
2021-05-11,54.6,54.6,54.6,54.6,0.0,54.6
2021-05-12,55.12,55.12,55.12,55.12,0.0,55.12
2021-05-13,53.2,53.2,53.2,53.2,0.0,53.2
2021-05-14,53.53,53.53,53.53,53.53,0.0,53.53
2021-05-17,53.76,53.76,53.76,53.76,0.0,53.76
2021-05-18,53.73,53.73,53.73,53.73,0.0,53.73
2021-05-19,52.64,52.64,52.64,52.64,0.0,52.64
2021-05-20,52.24,52.24,52.24,52.24,0.0,52.24
2021-05-21,52.72,52.72,52.72,52.72,0.0,52.72
2021-05-24,53.75,53.75,53.75,53.75,0.0,53.75
2021-05-25,53.72,53.72,53.72,53.72,0.0,53.72
2021-05-26,53.85,53.85,53.85,53.85,0.0,53.85
2021-05-27,53.81,53.81,53.81,53.81,0.0,53.81
2021-05-28,53.38,53.38,53.38,53.38,0.0,53.38
2021-06-01,53.79,53.79,53.79,53.79,0.0,53.79
2021-06-02,54.11,54.11,54.11,54.11,0.0,54.11
2021-06-03,54.05,54.05,54.05,54.05,0.0,54.05
2021-06-04,54.36,54.36,54.36,54.36,0.0,54.36
2021-06-07,54.63,54.63,54.63,54.63,0.0,54.63
2021-06-08,55.1,55.1,55.1,55.1,0.0,55.1
2021-06-09,55.22,55.22,55.22,55.22,0.0,55.22
2021-06-10,55.18,55.18,55.18,55.18,0.0,55.18
2021-06-11,55.23,55.23,55.23,55.23,0.0,55.23
2021-06-14,55.23,55.23,55.23,55.23,0.0,55.23
2021-06-15,55.56,55.56,55.56,55.56,0.0,55.56
2021-06-16,55.77,55.77,55.77,55.77,0.0,55.77
2021-06-17,54.69,54.69,54.69,54.69,0.0,54.69
2021-06-18,55.18,55.18,55.18,55.18,0.0,55.18
2021-06-21,55.78,55.78,55.78,55.78,0.0,55.78
2021-06-22,55.95,55.95,55.95,55.95,0.0,55.95
2021-06-23,56.0,56.0,55.93,55.93,1.0,56.0
2021-06-24,56.01,56.01,56.01,56.01,0.0,56.01
2021-06-25,55.4,55.71,55.4,55.71,1.0,55.4
2021-06-28,55.18,55.18,55.18,55.18,0.0,55.18
2021-06-29,55.21,55.21,55.21,55.21,0.0,55.21
2021-06-30,55.28,55.28,55.28,55.28,0.0,55.28
2021-07-01,56.0,56.0,55.54,55.54,1.0,56.0
2021-07-02,55.28,55.67,55.28,55.67,2.0,55.28
2021-07-06,54.33,54.33,54.33,54.33,0.0,54.33
2021-07-07,53.68,53.68,53.68,53.68,0.0,53.68
2021-07-08,53.6,53.6,53.59,53.59,1.0,53.6
2021-07-09,54.38,54.38,54.38,54.38,0.0,54.38
2021-07-12,54.63,54.63,54.63,54.63,0.0,54.63
2021-07-13,55.39,55.75,55.39,55.75,1.0,55.39
2021-07-14,55.39,55.39,55.1,55.1,1.0,55.39
2021-07-15,54.98,54.98,54.98,54.98,0.0,54.98
2021-07-16,55.85,55.85,55.85,55.85,0.0,55.85
2021-07-19,53.15,53.15,53.15,53.15,0.0,53.15
2021-07-26,54.2,54.2,54.2,54.2,0.0,54.2
2021-07-27,54.32,54.32,54.32,54.32,0.0,54.32
2021-07-28,54.89,54.89,54.89,54.89,0.0,54.89
2021-07-29,55.57,55.57,55.57,55.57,0.0,55.57
2021-07-30,55.33,55.33,55.33,55.33,0.0,55.33
2021-08-02,54.34,54.34,54.34,54.34,0.0,54.34
2021-08-03,54.47,54.47,54.47,54.47,0.0,54.47
2021-08-04,53.86,53.86,53.86,53.86,0.0,53.86
2021-08-05,54.6,54.6,54.6,54.6,0.0,54.6
2021-08-06,54.97,54.97,54.97,54.97,0.0,54.97
2021-08-09,54.57,54.57,54.57,54.57,0.0,54.57
2021-08-10,55.13,55.13,55.13,55.13,0.0,55.13
2021-08-11,55.58,55.58,55.58,55.58,0.0,55.58
2021-08-12,55.59,55.59,55.59,55.59,0.0,55.59
2021-08-13,55.43,55.43,55.43,55.43,0.0,55.43
2021-08-16,55.21,55.21,55.21,55.21,0.0,55.21
2021-08-17,54.57,54.57,54.57,54.57,0.0,54.57
2021-08-18,54.38,54.38,54.38,54.38,0.0,54.38
2021-08-19,53.74,53.74,53.74,53.74,0.0,53.74
2021-08-20,52.89,52.89,52.89,52.89,0.0,52.89
2021-08-23,54.54,54.54,54.54,54.54,0.0,54.54
2021-08-24,55.06,55.06,55.06,55.06,0.0,55.06
2021-08-25,55.16,55.16,55.16,55.16,0.0,55.16
2021-08-26,54.63,54.63,54.63,54.63,0.0,54.63
2021-08-27,55.24,55.24,55.24,55.24,0.0,55.24
2021-08-30,54.82,54.82,54.82,54.82,0.0,54.82
2021-08-31,54.61,54.61,54.61,54.61,0.0,54.61
2021-09-01,54.85,54.85,54.85,54.85,0.0,54.85
2021-09-02,55.07,55.07,55.07,55.07,0.0,55.07
2021-09-03,55.12,55.12,55.12,55.12,0.0,55.12
2021-09-07,55.37,55.37,55.37,55.37,0.0,55.37
2021-09-08,55.19,55.19,55.19,55.19,0.0,55.19
2021-09-09,54.88,54.88,54.88,54.88,0.0,54.88
2021-09-10,55.77,55.77,55.77,55.77,0.0,55.77
2021-09-13,55.78,55.78,55.78,55.78,0.0,55.78
2021-09-14,55.77,55.77,55.77,55.77,0.0,55.77
2021-09-15,55.83,55.83,55.83,55.83,0.0,55.83
2021-09-16,55.8,55.8,55.8,55.8,0.0,55.8
2021-09-17,55.11,55.11,55.11,55.11,0.0,55.11
2021-09-20,54.42,54.42,54.42,54.42,0.0,54.42
2021-09-21,55.1,55.1,55.1,55.1,0.0,55.1
2021-09-22,55.48,55.48,55.48,55.48,0.0,55.48
2021-09-23,56.0,56.0,56.0,56.0,0.0,56.0
2021-09-24,55.99,55.99,55.99,55.99,0.0,55.99
2021-09-27,57.11,57.11,57.11,57.11,1.0,57.11
2021-09-28,57.16,57.16,57.16,57.16,0.0,57.16
2021-09-29,57.5,57.5,57.5,57.5,0.0,57.5
2021-09-30,56.98,56.98,56.98,56.98,0.0,56.98
2021-10-01,57.87,57.87,57.87,57.87,0.0,57.87
2021-10-04,58.37,58.37,58.37,58.37,0.0,58.37
2021-10-05,58.72,58.72,58.72,58.72,0.0,58.72
2021-10-06,57.4,57.4,57.4,57.4,2.0,57.4
2021-10-07,57.88,57.88,57.88,57.88,0.0,57.88
2021-10-08,58.38,58.38,58.38,58.38,0.0,58.38
2021-10-11,59.1,59.36,59.1,59.36,1.0,59.1
2021-10-12,59.5,59.94,59.5,59.94,1.0,59.5
2021-10-13,60.24,60.24,60.24,60.24,0.0,60.24
2021-10-14,60.38,60.38,60.38,60.38,0.0,60.38
2021-10-15,59.92,59.92,59.92,59.92,0.0,59.92
2021-10-18,59.86,59.86,59.86,59.86,0.0,59.86
2021-10-19,59.6,59.6,59.6,59.6,0.0,59.6
2021-10-20,60.6,60.6,60.6,60.6,0.0,60.6
2021-10-21,60.27,60.27,60.27,60.27,0.0,60.27
2021-10-22,60.61,60.61,60.61,60.61,0.0,60.61
2021-10-25,61.53,61.53,61.53,61.53,0.0,61.53
2021-10-26,61.6,61.6,61.6,61.6,0.0,61.6
2021-10-27,60.99,60.99,60.99,60.99,0.0,60.99
2021-10-28,60.71,60.71,60.71,60.71,0.0,60.71
2021-10-29,59.71,59.71,59.71,59.71,0.0,59.71
2021-11-01,60.21,60.21,60.21,60.21,0.0,60.21
2021-11-02,60.31,60.31,60.31,60.31,0.0,60.31
2021-11-03,60.24,60.24,60.24,60.24,0.0,60.24
2021-11-04,61.74,61.74,61.74,61.74,0.0,61.74
2021-11-05,62.88,62.88,62.88,62.88,0.0,62.88
2021-11-08,63.35,63.35,63.34,63.34,5.0,63.35
2021-11-09,63.52,63.52,63.52,63.52,0.0,63.52
2021-11-10,62.54,62.56,62.54,62.56,5.0,62.54
2021-11-11,62.89,62.89,62.89,62.89,0.0,62.89
2021-11-12,62.3,62.3,62.3,62.3,0.0,62.3
2021-11-15,62.23,62.65,62.23,62.65,5.0,62.23
2021-11-16,62.84,62.84,62.84,62.84,0.0,62.84
2021-11-17,62.63,62.63,62.63,62.63,0.0,62.63
2021-11-18,62.63,62.63,62.63,62.63,0.0,62.63
2021-11-19,61.29,61.29,61.29,61.29,0.0,61.29
2021-11-22,62.3,62.3,61.64,61.64,1.0,62.3
2021-11-23,62.61,62.61,62.61,62.61,0.0,62.61
2021-11-24,62.68,62.68,62.68,62.68,0.0,62.68
2021-11-26,58.99,58.99,58.99,58.99,0.0,58.99
2021-11-29,60.18,60.18,60.18,60.18,0.0,60.18
2021-11-30,59.3,59.3,57.0,57.43,8.0,57.775
2021-12-01,57.8,57.8,57.8,57.8,0.0,57.8
2021-12-02,58.23,58.23,58.23,58.23,0.0,58.23
2021-12-03,59.39,59.39,59.39,59.39,0.0,59.39
2021-12-06,60.25,60.67,60.25,60.67,1.0,60.25
2021-12-07,62.43,62.43,62.43,62.43,0.0,62.43
2021-12-08,62.88,62.88,62.88,62.88,0.0,62.88
2021-12-09,62.06,62.06,62.06,62.06,0.0,62.06
2021-12-10,61.98,61.98,61.98,61.98,0.0,61.98
2021-12-13,61.92,61.92,61.92,61.92,0.0,61.92
2021-12-14,61.41,61.86,61.39,61.86,40.0,61.41
2021-12-15,61.27,61.27,61.27,61.27,0.0,61.27
2021-12-16,60.86,60.86,60.86,60.86,0.0,60.86
2021-12-17,59.65,59.65,59.65,59.65,0.0,59.65
2021-12-20,58.88,58.88,58.88,58.88,0.0,58.88
2021-12-21,60.13,60.13,60.13,60.13,0.0,60.13
2021-12-22,59.67,59.67,59.67,59.67,0.0,59.67
2021-12-23,60.23,60.23,60.23,60.23,0.0,60.23
2021-12-27,61.35,61.35,61.35,61.35,0.0,61.35
2021-12-28,61.14,61.14,61.14,61.14,0.0,61.14
2021-12-29,61.71,61.71,61.71,61.71,0.0,61.71
2021-12-30,61.78,61.78,61.78,61.78,0.0,61.78
2021-12-31,60.44,60.44,60.44,60.44,0.0,60.44
2022-01-03,61.56,61.56,61.56,61.56,0.0,61.56
2022-01-04,62.28,62.28,62.28,62.28,0.0,62.28
2022-01-05,61.96,61.96,61.96,61.96,0.0,61.96
2022-01-06,62.41,62.5,62.27,62.27,2.0,62.455
2022-01-07,62.07,62.07,62.07,62.07,0.0,62.07
2022-01-10,61.73,61.73,61.73,61.73,0.0,61.73
2022-01-11,62.82,62.82,62.82,62.82,0.0,62.82
2022-01-12,62.76,62.76,62.76,62.76,0.0,62.76
2022-01-13,62.92,62.92,62.92,62.92,0.0,62.92
2022-01-14,63.4,63.4,63.4,63.4,0.0,63.4
2022-01-18,63.6,64.15,63.6,64.15,1.0,63.6
2022-01-19,64.16,64.36,64.16,64.36,1.0,64.16
2022-01-20,65.35,65.35,65.35,65.35,0.0,65.35
2022-01-21,65.76,65.76,65.76,65.76,0.0,65.76
2022-01-24,65.41,65.41,65.41,65.41,0.0,65.41
2022-01-25,66.5,66.5,66.29,66.29,4.0,66.5
2022-01-26,66.22,66.71,66.22,66.71,1.0,66.22
2022-01-27,66.36,66.36,66.36,66.36,0.0,66.36
2022-01-28,66.09,66.09,66.09,66.09,0.0,66.09
2022-01-31,66.55,66.55,66.55,66.55,0.0,66.55
2022-02-01,66.67,66.67,66.67,66.67,0.0,66.67
2022-02-02,66.87,66.87,66.87,66.87,0.0,66.87
2022-02-03,67.72,67.72,67.72,67.72,0.0,67.72
2022-02-04,68.09,68.09,68.09,68.09,0.0,68.09
2022-02-07,68.61,68.61,68.61,68.61,0.0,68.61
2022-02-08,68.18,68.18,68.18,68.18,0.0,68.18
2022-02-09,69.52,69.52,69.52,69.52,0.0,69.52
2022-02-10,69.95,69.95,69.95,69.95,4.0,69.95
2022-02-11,71.26,71.26,70.58,70.58,2.0,71.26
2022-02-14,70.71,70.71,70.71,70.71,0.0,70.71
2022-02-15,69.01,69.01,69.01,69.01,0.0,69.01
2022-02-16,69.55,69.55,69.55,69.55,0.0,69.55
2022-02-17,69.55,69.55,69.55,69.55,0.0,69.55
2022-02-18,69.84,69.87,69.84,69.87,1.0,69.84
2022-02-22,71.02,71.02,71.02,71.02,0.0,71.02
2022-02-23,71.91,71.91,71.91,71.91,0.0,71.91
2022-02-24,70.4,70.4,70.4,70.4,0.0,70.4
2022-02-25,69.16,69.16,69.16,69.16,0.0,69.16
2022-02-28,68.6,68.6,68.6,68.6,0.0,68.6
2022-03-01,70.19,70.19,70.19,70.19,0.0,70.19
2022-03-02,72.34,73.13,72.18,73.13,37.0,72.224
2022-03-03,73.58,73.58,73.58,73.58,0.0,73.58
2022-03-04,75.83,75.83,75.83,75.83,0.0,75.83
2022-03-07,75.3,75.3,75.03,75.03,1.0,75.3
2022-03-08,72.25,72.25,72.25,72.25,0.0,72.25
2022-03-09,69.6,69.6,69.6,69.6,0.0,69.6
2022-03-10,70.37,70.37,70.37,70.37,0.0,70.37
2022-03-11,72.33,72.33,72.33,72.33,0.0,72.33
2022-03-14,70.1,70.43,70.1,70.43,1.0,70.1
2022-03-15,71.26,71.26,71.26,71.26,0.0,71.26
2022-03-16,69.88,69.88,69.88,69.88,0.0,69.88
2022-03-17,72.19,72.19,72.19,72.19,0.0,72.19
2022-03-18,72.12,72.12,72.12,72.12,0.0,72.12
2022-03-21,73.87,73.87,73.87,73.87,0.0,73.87
2022-03-22,73.68,73.68,73.68,73.68,0.0,73.68
2022-03-23,74.47,74.47,74.47,74.47,0.0,74.47
2022-03-24,72.77,72.77,72.77,72.77,0.0,72.77
2022-03-25,73.87,73.87,73.87,73.87,0.0,73.87
2022-03-28,72.56,72.56,72.56,72.56,0.0,72.56
2022-03-29,72.43,72.43,72.43,72.43,0.0,72.43
2022-03-30,73.1,73.1,73.1,73.1,0.0,73.1
2022-03-31,74.5,75.0,73.36,73.36,553.0,74.675
2022-04-01,76.59,76.59,76.59,76.59,0.0,76.59
2022-04-04,77.31,77.31,77.31,77.31,0.0,77.31
2020-04-02,43.66,43.66,43.66,43.66,0.0,43.66
2020-04-03,42.77,42.77,42.77,42.77,0.0,42.77
2020-04-06,43.71,43.71,43.71,43.71,0.0,43.71
2020-04-07,44.49,44.49,44.49,44.49,0.0,44.49
2020-04-08,44.04,44.04,44.04,44.04,0.0,44.04
2020-04-09,44.2,44.2,44.2,44.2,0.0,44.2
2020-04-13,44.7,44.7,44.7,44.7,0.0,44.7
2020-04-14,45.67,45.67,45.67,45.67,0.0,45.67
2020-04-15,44.16,44.16,44.16,44.16,0.0,44.16
2020-04-16,43.93,43.93,43.93,43.93,0.0,43.93
2020-04-17,44.01,44.01,44.01,44.01,0.0,44.01
2020-04-20,43.83,43.83,43.83,43.83,0.0,43.83
2020-04-21,41.63,41.63,41.63,41.63,0.0,41.63
2020-04-22,43.68,43.68,43.68,43.68,0.0,43.68
2020-04-23,42.89,42.89,42.89,42.89,0.0,42.89
2020-04-24,42.58,42.58,42.58,42.58,0.0,42.58
2020-04-27,42.37,42.37,42.37,42.37,0.0,42.37
2020-04-28,42.65,42.65,42.65,42.65,0.0,42.65
2020-04-29,42.47,42.47,42.47,42.47,0.0,42.47
2020-04-30,43.44,43.44,43.44,43.44,0.0,43.44
2020-05-01,42.45,42.45,42.45,42.45,0.0,42.45
2020-05-04,42.21,42.21,42.21,42.21,0.0,42.21
2020-05-05,42.59,42.59,42.59,42.59,0.0,42.59
2020-05-06,42.27,42.27,42.27,42.27,0.0,42.27
2020-05-07,42.85,42.85,42.85,42.85,0.0,42.85
2020-05-08,44.57,44.57,44.57,44.57,0.0,44.57
2020-05-11,43.52,43.52,43.52,43.52,0.0,43.52
2020-05-12,43.57,43.57,43.57,43.57,0.0,43.57
2020-05-13,43.96,43.96,43.96,43.96,0.0,43.96
2020-05-14,44.13,44.13,44.13,44.13,0.0,44.13
2020-05-15,43.97,43.97,43.97,43.97,0.0,43.97
2020-05-18,45.06,45.06,45.06,45.06,0.0,45.06
2020-05-19,44.57,44.57,44.57,44.57,0.0,44.57
2020-05-20,45.56,45.56,45.56,45.56,0.0,45.56
2020-05-21,45.34,45.34,45.34,45.34,0.0,45.34
2020-05-22,45.04,45.04,45.04,45.04,0.0,45.04
2020-05-26,46.27,46.27,46.27,46.27,0.0,46.27
2020-05-27,46.15,46.15,46.15,46.15,0.0,46.15
2020-05-28,46.94,46.94,46.94,46.94,0.0,46.94
2020-05-29,46.76,46.76,46.76,46.76,0.0,46.76
2020-06-01,47.02,47.02,47.02,47.02,0.0,47.02
2020-06-02,47.23,47.23,47.23,47.23,0.0,47.23
2020-06-03,47.4,47.4,47.4,47.4,0.0,47.4
2020-06-04,47.88,47.88,47.88,47.88,0.0,47.88
2020-06-05,47.89,47.89,47.89,47.89,0.0,47.89
2020-06-08,46.58,46.58,46.58,46.58,0.0,46.58
2020-06-09,47.16,47.16,47.16,47.16,0.0,47.16
2020-06-10,47.33,47.33,47.33,47.33,0.0,47.33
2020-06-11,45.48,45.48,45.48,45.48,0.0,45.48
2020-06-12,45.18,45.18,45.18,45.18,0.0,45.18
2020-06-15,46.2,46.2,46.2,46.2,0.0,46.2
2020-06-16,46.24,46.24,46.24,46.24,0.0,46.24
2020-06-17,45.38,45.38,45.38,45.38,0.0,45.38
2020-06-18,45.22,45.22,45.22,45.22,0.0,45.22
2020-06-19,45.12,45.12,45.12,45.12,0.0,45.12
2020-06-22,45.68,45.68,45.68,45.68,0.0,45.68
2020-06-23,45.24,45.24,45.24,45.24,0.0,45.24
2020-06-24,44.53,44.53,44.53,44.53,0.0,44.53
2020-06-25,44.67,44.67,44.67,44.67,0.0,44.67
2020-06-26,44.74,44.74,44.74,44.74,0.0,44.74
2020-06-29,45.53,45.53,45.53,45.53,0.0,45.53
2020-06-30,44.77,44.77,44.77,44.77,0.0,44.77
2020-07-01,45.09,45.09,45.09,45.09,0.0,45.09
2020-07-02,45.59,45.59,45.59,45.59,0.0,45.59
2020-07-06,45.74,45.74,45.74,45.74,0.0,45.74
2020-07-07,45.69,45.69,45.69,45.69,0.0,45.69
2020-07-08,46.34,46.34,46.34,46.34,0.0,46.34
2020-07-09,46.35,46.35,46.35,46.35,0.0,46.35
2020-07-10,46.5,46.5,46.5,46.5,0.0,46.5
2020-07-13,46.16,46.16,46.16,46.16,0.0,46.16
2020-07-14,46.42,46.42,46.42,46.42,0.0,46.42
2020-07-15,46.62,46.62,46.62,46.62,0.0,46.62
2020-07-22,46.65,46.65,46.65,46.65,0.0,46.65
2020-07-23,46.57,46.57,46.57,46.57,0.0,46.57
2020-07-24,47.23,47.23,47.23,47.23,0.0,47.23
2020-07-27,47.48,47.48,47.48,47.48,0.0,47.48
2020-07-28,47.37,47.37,47.37,47.37,0.0,47.37
2020-07-29,47.54,47.54,47.54,47.54,0.0,47.54
2020-07-30,46.68,46.68,46.68,46.68,0.0,46.68
2020-07-31,47.11,47.11,47.11,47.11,0.0,47.11
2020-08-03,47.94,47.94,47.94,47.94,0.0,47.94
2020-08-04,47.91,47.91,47.91,47.91,0.0,47.91
2020-08-05,47.79,47.79,47.79,47.79,0.0,47.79
2020-08-06,47.95,47.95,47.95,47.95,0.0,47.95
2020-08-07,47.6,47.6,47.6,47.6,0.0,47.6
2020-08-10,47.74,47.74,47.74,47.74,0.0,47.74
2020-08-11,47.47,47.47,47.47,47.47,0.0,47.47
2020-08-12,47.92,47.92,47.92,47.92,0.0,47.92
2020-08-13,47.86,47.86,47.86,47.86,0.0,47.86
2020-08-14,47.63,47.63,47.63,47.63,0.0,47.63
2020-08-17,48.24,48.24,48.24,48.24,0.0,48.24
2020-08-18,48.0,48.0,48.0,48.0,0.0,48.0
2020-08-19,48.22,48.22,48.22,48.22,0.0,48.22
2020-08-20,48.13,48.13,48.13,48.13,0.0,48.13
2020-08-21,47.91,47.91,47.91,47.91,0.0,47.91
2020-08-24,48.44,48.44,48.44,48.44,0.0,48.44
2020-08-25,48.85,48.85,48.85,48.85,0.0,48.85
2020-08-26,48.84,48.84,48.84,48.84,0.0,48.84
2020-08-27,48.36,48.36,48.36,48.36,0.0,48.36
2020-08-28,49.03,49.03,49.03,49.03,0.0,49.03
2020-08-31,48.55,48.55,48.55,48.55,0.0,48.55
2020-09-01,48.81,48.81,48.81,48.81,0.0,48.81
2020-09-02,48.23,48.23,48.23,48.23,0.0,48.23
2020-09-03,48.64,48.64,48.64,48.64,0.0,48.64
2020-09-04,48.35,48.35,48.35,48.35,0.0,48.35
2020-09-08,46.96,46.96,46.96,46.96,0.0,46.96
2020-09-09,47.35,47.35,47.35,47.35,0.0,47.35
2020-09-10,47.17,47.17,47.17,47.17,0.0,47.17
2020-09-11,46.93,46.93,46.93,46.93,0.0,46.93
2020-09-14,47.23,47.23,47.23,47.23,0.0,47.23
2020-09-15,47.93,47.93,47.93,47.93,0.0,47.93
2020-09-16,47.73,47.73,47.73,47.73,0.0,47.73
2020-09-17,47.81,47.81,47.81,47.81,0.0,47.81
2020-09-18,47.57,47.57,47.57,47.57,0.0,47.57
2020-09-21,46.6,46.6,46.6,46.6,0.0,46.6
2020-09-22,46.72,46.72,46.72,46.72,0.0,46.72
2020-09-23,46.69,46.69,46.69,46.69,0.0,46.69
2020-09-24,46.9,46.9,46.9,46.9,0.0,46.9
2020-09-25,46.62,46.62,46.62,46.62,0.0,46.62
2020-09-28,46.61,46.61,46.61,46.61,0.0,46.61
2020-09-29,45.53,45.53,45.53,45.53,0.0,45.53
2020-09-30,45.92,45.92,45.92,45.92,0.0,45.92
2020-10-01,45.44,45.44,45.44,45.44,0.0,45.44
2020-10-02,44.49,44.49,44.49,44.49,0.0,44.49
2020-10-05,45.67,45.67,45.67,45.67,0.0,45.67
2020-10-06,46.1,46.1,46.1,46.1,0.0,46.1
2020-10-07,45.39,45.39,45.39,45.39,0.0,45.39
2020-10-08,45.64,45.64,45.64,45.64,0.0,45.64
2020-10-09,44.9,44.9,44.9,44.9,0.0,44.9
2020-10-12,44.61,44.61,44.61,44.61,0.0,44.61
2020-10-13,44.79,44.79,44.79,44.79,0.0,44.79
2020-10-14,45.12,45.12,45.12,45.12,0.0,45.12
2020-10-15,45.48,45.48,45.48,45.48,0.0,45.48
2020-10-16,45.38,45.38,45.38,45.38,0.0,45.38
2020-10-19,45.31,45.31,45.31,45.31,0.0,45.31
2020-10-20,45.71,45.71,45.71,45.71,0.0,45.71
2020-10-21,44.8,44.8,44.8,44.8,0.0,44.8
2020-10-22,45.13,45.13,45.13,45.13,0.0,45.13
2020-10-23,44.59,44.59,44.59,44.59,0.0,44.59
2020-10-26,43.91,43.91,43.91,43.91,0.0,43.91
2020-10-27,44.4,44.4,44.4,44.4,0.0,44.4
2020-10-28,43.41,43.41,43.41,43.41,0.0,43.41
2020-10-29,42.66,42.66,42.66,42.66,0.0,42.66
2020-10-30,43.12,43.12,43.12,43.12,0.0,43.12
2020-11-02,44.18,44.18,44.18,44.18,0.0,44.18
2020-11-03,43.97,43.97,43.97,43.97,0.0,43.97
2020-11-04,44.67,44.67,44.67,44.67,0.0,44.67
2020-11-05,44.41,44.41,44.41,44.41,0.0,44.41
2020-11-06,43.73,43.73,43.73,43.73,0.0,43.73
2020-11-09,45.03,45.03,45.03,45.03,0.0,45.03
2020-11-10,44.85,44.85,44.85,44.85,0.0,44.85
2020-11-11,45.35,45.35,45.35,45.35,0.0,45.35
2020-11-12,45.02,45.02,45.02,45.02,0.0,45.02
2020-11-13,44.41,44.41,44.41,44.41,0.0,44.41
2020-11-16,44.66,44.66,44.66,44.66,0.0,44.66
2020-11-17,44.57,44.57,44.57,44.57,0.0,44.57
2020-11-18,44.81,44.81,44.81,44.81,0.0,44.81
2020-11-19,44.44,44.44,44.44,44.44,0.0,44.44
2020-11-20,44.47,44.47,44.47,44.47,0.0,44.47
2020-11-23,44.59,44.59,44.59,44.59,0.0,44.59
2020-11-24,44.55,44.55,44.55,44.55,0.0,44.55
2020-11-25,45.43,45.43,45.43,45.43,0.0,45.43
2020-11-27,45.28,45.28,45.28,45.28,0.0,45.28
2020-11-30,45.05,45.05,45.05,45.05,0.0,45.05
2020-12-01,44.0,44.0,44.0,44.0,0.0,44.0
2020-12-02,43.65,43.65,43.65,43.65,0.0,43.65
2020-12-03,42.77,42.77,42.77,42.77,0.0,42.77
2020-12-04,43.41,43.41,43.41,43.41,0.0,43.41
2020-12-07,43.56,43.56,43.56,43.56,0.0,43.56
2020-12-08,43.73,43.73,43.73,43.73,0.0,43.73
2020-12-09,43.8,43.8,43.8,43.8,0.0,43.8
2020-12-10,43.94,43.94,43.94,43.94,0.0,43.94
2020-12-11,43.7,43.7,43.7,43.7,0.0,43.7
2020-12-14,44.08,44.08,44.08,44.08,0.0,44.08
2020-12-15,44.55,44.55,44.55,44.55,0.0,44.55
2020-12-16,44.61,44.61,44.61,44.61,0.0,44.61
2020-12-17,45.2,45.2,45.2,45.2,0.0,45.2
2020-12-18,45.32,45.32,45.32,45.32,0.0,45.32
2020-12-21,44.77,44.77,44.77,44.77,0.0,44.77
2020-12-22,44.32,44.32,44.32,44.32,0.0,44.32
2020-12-23,45.07,45.07,45.07,45.07,0.0,45.07
2020-12-24,45.23,45.23,45.23,45.23,0.0,45.23
2020-12-28,44.74,44.74,44.74,44.74,0.0,44.74
2020-12-29,44.96,44.96,44.96,44.96,0.0,44.96
2020-12-30,44.93,44.93,44.93,44.93,0.0,44.93
2020-12-31,44.82,44.82,44.82,44.82,0.0,44.82
2021-01-04,44.56,44.56,44.56,44.56,0.0,44.56
2021-01-05,44.62,44.62,44.62,44.62,0.0,44.62
2021-01-06,44.28,44.28,44.28,44.28,0.0,44.28
2021-01-07,44.77,44.77,44.77,44.77,0.0,44.77
2021-01-08,45.18,45.18,45.18,45.18,0.0,45.18
2021-01-11,45.51,45.51,45.51,45.51,0.0,45.51
2021-01-12,45.77,45.77,45.77,45.77,0.0,45.77
2021-01-13,46.34,46.34,46.34,46.34,0.0,46.34
2021-01-14,46.41,46.41,46.41,46.41,0.0,46.41
2021-01-15,46.34,46.34,46.34,46.34,0.0,46.34
2021-01-19,46.27,46.27,46.27,46.27,0.0,46.27
2021-01-20,46.12,46.12,46.12,46.12,0.0,46.12
2021-01-21,46.04,46.04,46.04,46.04,0.0,46.04
2021-01-22,45.65,45.65,45.65,45.65,0.0,45.65
2021-01-25,45.99,45.99,45.99,45.99,0.0,45.99
2021-01-26,45.92,45.92,45.92,45.92,0.0,45.92
2021-01-27,46.35,46.35,46.35,46.35,0.0,46.35
2021-01-28,46.08,46.08,46.08,46.08,0.0,46.08
2021-01-29,45.99,45.99,45.99,45.99,0.0,45.99
2021-02-01,46.46,46.46,46.46,46.46,0.0,46.46
2021-02-02,46.73,46.73,46.73,46.73,0.0,46.73
2021-02-03,46.6,46.6,46.6,46.6,0.0,46.6
2021-02-04,46.71,46.71,46.71,46.71,0.0,46.71
2021-02-05,46.88,46.88,46.88,46.88,0.0,46.88
2021-02-08,47.48,47.48,47.48,47.48,0.0,47.48
2021-02-09,47.68,47.68,47.68,47.68,0.0,47.68
2021-02-10,47.92,47.92,47.92,47.92,0.0,47.92
2021-02-11,47.84,47.84,47.84,47.84,0.0,47.84
2021-02-12,48.12,48.12,48.12,48.12,0.0,48.12
2021-02-16,48.43,48.43,48.43,48.43,0.0,48.43
2021-02-17,48.67,48.67,48.67,48.67,0.0,48.67
2021-02-18,48.82,48.82,48.82,48.82,0.0,48.82
2021-02-19,49.06,49.06,49.06,49.06,0.0,49.06
2021-02-22,49.8,49.88,49.8,49.88,2.0,49.8
2021-02-23,49.91,49.91,49.91,49.91,0.0,49.91
2021-02-24,50.85,50.85,50.85,50.85,0.0,50.85
2021-02-25,50.73,50.73,50.73,50.73,0.0,50.73
2021-02-26,49.7,49.7,49.7,49.7,0.0,49.7
2021-03-01,49.37,49.37,49.37,49.37,0.0,49.37
2021-03-02,49.66,49.66,49.66,49.66,0.0,49.66
2021-03-03,50.31,50.31,50.31,50.31,0.0,50.31
2021-03-04,50.69,50.69,50.69,50.69,0.0,50.69
2021-03-05,51.81,51.81,51.81,51.81,0.0,51.81
2021-03-08,51.25,51.25,51.25,51.25,0.0,51.25
2021-03-09,51.01,51.01,51.01,51.01,0.0,51.01
2021-03-10,51.05,51.05,50.78,50.78,1.0,51.05
2021-03-11,51.09,51.09,51.09,51.09,0.0,51.09
2021-03-12,51.03,51.03,51.03,51.03,0.0,51.03
2021-03-15,50.97,50.97,50.97,50.97,0.0,50.97
2021-03-16,50.82,50.82,50.82,50.82,0.0,50.82
2021-03-17,51.17,51.17,51.17,51.17,0.0,51.17
2021-03-18,50.22,50.22,50.22,50.22,0.0,50.22
2021-03-19,50.3,50.3,50.3,50.3,0.0,50.3
2021-03-22,50.39,50.39,50.39,50.39,0.0,50.39
2021-03-23,49.58,49.58,49.58,49.58,0.0,49.58
2021-03-24,50.02,50.02,50.02,50.02,0.0,50.02
2021-03-25,48.65,48.65,48.65,48.65,0.0,48.65
2021-03-26,49.78,49.78,49.78,49.78,0.0,49.78
2021-03-29,49.64,49.64,49.64,49.64,0.0,49.64
2021-03-30,49.35,49.35,49.35,49.35,0.0,49.35
2021-03-31,48.83,48.83,48.83,48.83,0.0,48.83
2021-04-01,51.29,51.29,51.29,51.29,0.0,51.29
2019-04-05,53.44,53.44,53.44,53.44,0.0,53.44
2019-04-08,53.36,53.36,53.36,53.36,0.0,53.36
2019-04-09,53.72,53.72,53.72,53.72,0.0,53.72
2019-04-10,53.65,53.65,53.65,53.65,0.0,53.65
2019-04-11,53.66,53.66,53.66,53.66,0.0,53.66
2019-04-12,54.18,54.18,54.18,54.18,0.0,54.18
2019-04-15,54.68,54.68,54.68,54.68,0.0,54.68
2019-04-16,54.62,54.62,54.62,54.62,0.0,54.62
2019-04-17,54.33,54.33,54.33,54.33,0.0,54.33
2019-04-18,54.15,54.15,54.15,54.15,0.0,54.15
2019-04-22,54.22,54.22,54.22,54.22,0.0,54.22
2019-04-23,54.35,54.35,54.35,54.35,0.0,54.35
2019-04-24,54.37,54.37,54.37,54.37,0.0,54.37
2019-04-25,54.1,54.1,54.1,54.1,0.0,54.1
2019-04-26,53.95,53.95,53.95,53.95,0.0,53.95
2019-04-29,53.87,53.87,53.87,53.87,0.0,53.87
2019-04-30,53.95,53.95,53.95,53.95,0.0,53.95
2019-05-01,54.22,54.22,54.22,54.22,0.0,54.22
2019-05-02,53.32,53.32,53.32,53.32,0.0,53.32
2019-05-03,53.25,53.25,53.25,53.25,0.0,53.25
2019-05-06,53.67,53.67,53.67,53.67,0.0,53.67
2019-05-07,52.89,52.89,52.89,52.89,0.0,52.89
2019-05-08,53.52,53.52,53.52,53.52,0.0,53.52
2019-05-09,53.29,53.29,53.29,53.29,0.0,53.29
2019-05-10,53.16,53.16,53.16,53.16,0.0,53.16
2019-05-13,52.83,52.83,52.83,52.83,0.0,52.83
2019-05-14,53.11,53.11,53.11,53.11,0.0,53.11
2019-05-15,53.27,53.27,53.27,53.27,0.0,53.27
2019-05-16,53.2,53.2,53.2,53.2,0.0,53.2
2019-05-17,52.87,52.87,52.87,52.87,0.0,52.87
2019-05-20,53.46,53.46,53.46,53.46,0.0,53.46
2019-05-21,53.58,53.58,53.58,53.58,0.0,53.58
2019-05-22,53.12,53.12,53.12,53.12,0.0,53.12
2019-05-23,52.13,52.13,52.13,52.13,0.0,52.13
2019-05-24,53.22,53.22,53.22,53.22,0.0,53.22
2019-05-28,53.68,53.68,53.68,53.68,0.0,53.68
2019-05-29,53.57,53.57,53.57,53.57,0.0,53.57
2019-05-30,52.59,52.59,52.59,52.59,0.0,52.59
2019-05-31,51.56,51.56,51.56,51.56,0.0,51.56
2019-06-03,52.01,52.01,52.01,52.01,0.0,52.01
2019-06-04,51.95,51.95,51.95,51.95,0.0,51.95
2019-06-05,51.14,51.14,51.14,51.14,0.0,51.14
2019-06-06,51.89,51.89,51.89,51.89,0.0,51.89
2019-06-07,52.61,52.61,52.61,52.61,0.0,52.61
2019-06-10,53.02,53.02,53.02,53.02,0.0,53.02
2019-06-11,53.55,53.55,53.55,53.55,0.0,53.55
2019-06-12,52.43,52.43,52.43,52.43,0.0,52.43
2019-06-13,52.98,52.98,52.98,52.98,0.0,52.98
2019-06-14,53.08,53.08,53.08,53.08,0.0,53.08
2019-06-17,52.94,52.94,52.94,52.94,0.0,52.94
2019-06-18,53.89,53.89,53.89,53.89,0.0,53.89
2019-06-19,53.56,53.56,53.56,53.56,0.0,53.56
2019-06-20,54.43,54.43,54.43,54.43,0.0,54.43
2019-06-21,54.15,54.15,54.15,54.15,0.0,54.15
2019-06-24,54.61,54.61,54.61,54.61,0.0,54.61
2019-06-25,54.9,54.9,54.9,54.9,0.0,54.9
2019-06-26,54.96,54.96,54.96,54.96,0.0,54.96
2019-06-27,54.79,54.79,54.79,54.79,0.0,54.79
2019-06-28,54.26,54.26,54.26,54.26,0.0,54.26
2019-07-01,54.24,54.24,54.24,54.24,0.0,54.24
2019-07-02,53.49,53.49,53.49,53.49,0.0,53.49
2019-07-05,53.96,53.96,53.96,53.96,0.0,53.96
2019-07-08,54.34,54.34,54.34,54.34,0.0,54.34
2019-07-09,54.84,54.84,54.84,54.84,0.0,54.84
2019-07-10,55.2,55.2,55.2,55.2,0.0,55.2
2019-07-11,54.51,54.51,54.51,54.51,0.0,54.51
2019-07-12,53.96,53.96,53.96,53.96,0.0,53.96
2019-07-15,53.65,53.65,53.65,53.65,0.0,53.65
2019-07-16,52.85,52.85,52.85,52.85,0.0,52.85
2019-07-17,53.31,53.31,53.31,53.31,0.0,53.31
2019-07-18,52.47,52.47,52.47,52.47,0.0,52.47
2019-07-25,53.02,53.02,53.02,53.02,0.0,53.02
2019-07-26,53.53,53.53,53.53,53.53,0.0,53.53
2019-07-29,52.98,52.98,52.98,52.98,0.0,52.98
2019-07-30,53.23,53.23,53.23,53.23,0.0,53.23
2019-07-31,53.41,53.41,53.41,53.41,0.0,53.41
2019-08-01,51.77,51.77,51.77,51.77,0.0,51.77
2019-08-02,53.44,53.44,53.44,53.44,0.0,53.44
2019-08-05,53.46,53.46,53.46,53.46,0.0,53.46
2019-08-06,53.03,53.03,53.03,53.03,0.0,53.03
2019-08-07,53.17,53.17,53.17,53.17,0.0,53.17
2019-08-08,53.12,53.12,53.12,53.12,0.0,53.12
2019-08-09,53.85,53.85,53.85,53.85,0.0,53.85
2019-08-12,53.87,53.87,53.87,53.87,0.0,53.87
2019-08-13,55.35,55.35,55.35,55.35,0.0,55.35
2019-08-14,54.02,54.02,54.02,54.02,0.0,54.02
2019-08-15,53.53,53.53,53.53,53.53,0.0,53.53
2019-08-16,53.42,53.42,53.42,53.42,0.0,53.42
2019-08-19,53.36,53.36,53.36,53.36,0.0,53.36
2019-08-20,52.78,52.78,52.78,52.78,0.0,52.78
2019-08-21,52.97,52.97,52.97,52.97,0.0,52.97
2019-08-22,52.84,52.84,52.84,52.84,0.0,52.84
2019-08-23,52.85,52.85,52.85,52.85,0.0,52.85
2019-08-26,52.76,52.76,52.76,52.76,0.0,52.76
2019-08-27,53.48,53.48,53.48,53.48,0.0,53.48
2019-08-28,53.42,53.42,53.42,53.42,0.0,53.42
2019-08-29,53.23,53.23,53.23,53.23,0.0,53.23
2019-08-30,52.11,52.11,52.11,52.11,0.0,52.11
2019-09-03,52.36,52.36,52.36,52.36,0.0,52.36
2019-09-04,53.1,53.1,53.1,53.1,0.0,53.1
2019-09-05,53.14,53.14,53.14,53.14,0.0,53.14
2019-09-06,53.12,53.12,53.12,53.12,0.0,53.12
2019-09-09,53.2,53.2,53.2,53.2,0.0,53.2
2019-09-10,53.23,53.23,53.23,53.23,0.0,53.23
2019-09-11,52.69,52.69,52.69,52.69,0.0,52.69
2019-09-12,52.51,52.51,52.51,52.51,0.0,52.51
2019-09-13,51.95,51.95,51.95,51.95,0.0,51.95
2019-09-16,53.22,53.22,53.22,53.22,0.0,53.22
2019-09-17,52.82,52.82,52.82,52.82,0.0,52.82
2019-09-18,52.26,52.26,52.26,52.26,0.0,52.26
2019-09-19,52.08,52.08,52.08,52.08,0.0,52.08
2019-09-20,52.3,52.3,52.3,52.3,0.0,52.3
2019-09-23,53.07,53.07,53.07,53.07,0.0,53.07
2019-09-24,52.43,52.43,52.43,52.43,0.0,52.43
2019-09-25,52.43,52.43,52.43,52.43,0.0,52.43
2019-09-26,52.54,52.54,52.54,52.54,0.0,52.54
2019-09-27,52.38,52.38,52.38,52.38,0.0,52.38
2019-09-30,51.97,51.97,51.97,51.97,0.0,51.97
2019-10-01,52.13,52.13,52.13,52.13,0.0,52.13
2019-10-02,52.15,52.15,52.15,52.15,0.0,52.15
2019-10-03,51.61,51.61,51.61,51.61,0.0,51.61
2019-10-04,52.48,52.48,52.48,52.48,0.0,52.48
2019-10-07,52.3,52.3,52.3,52.3,0.0,52.3
2019-10-08,52.33,52.33,52.33,52.33,0.0,52.33
2019-10-09,52.17,52.17,52.17,52.17,0.0,52.17
2019-10-10,51.71,51.71,51.71,51.71,0.0,51.71
2019-10-11,51.52,51.52,51.52,51.52,0.0,51.52
2019-10-14,51.63,51.63,51.63,51.63,0.0,51.63
2019-10-15,51.25,51.25,51.25,51.25,0.0,51.25
2019-10-16,51.44,51.44,51.44,51.44,0.0,51.44
2019-10-17,51.62,51.62,51.62,51.62,0.0,51.62
2019-10-18,51.41,51.41,51.41,51.41,0.0,51.41
2019-10-21,51.77,51.77,51.77,51.77,0.0,51.77
2019-10-22,51.78,51.78,51.78,51.78,0.0,51.78
2019-10-23,52.08,52.08,52.08,52.08,0.0,52.08
2019-10-24,52.22,52.22,52.22,52.22,0.0,52.22
2019-10-25,52.54,52.54,52.54,52.54,0.0,52.54
2019-10-28,52.1,52.1,52.1,52.1,0.0,52.1
2019-10-29,52.24,52.24,52.24,52.24,0.0,52.24
2019-10-30,51.57,51.57,51.57,51.57,0.0,51.57
2019-10-31,51.64,51.64,51.64,51.64,0.0,51.64
2019-11-01,52.94,52.94,52.94,52.94,0.0,52.94
2019-11-04,52.44,52.44,52.44,52.44,0.0,52.44
2019-11-05,52.8,52.8,52.8,52.8,0.0,52.8
2019-11-06,51.95,51.95,51.95,51.95,0.0,51.95
2019-11-07,52.06,52.06,52.06,52.06,0.0,52.06
2019-11-08,52.34,52.34,52.34,52.34,0.0,52.34
2019-11-11,52.29,52.29,52.29,52.29,0.0,52.29
2019-11-12,52.33,52.33,52.33,52.33,0.0,52.33
2019-11-13,52.42,52.42,52.42,52.42,0.0,52.42
2019-11-14,51.86,51.86,51.86,51.86,0.0,51.86
2019-11-15,52.32,52.32,52.32,52.32,0.0,52.32
2019-11-18,51.85,51.85,51.85,51.85,0.0,51.85
2019-11-19,51.52,51.52,51.52,51.52,0.0,51.52
2019-11-20,52.15,52.15,52.15,52.15,0.0,52.15
2019-11-21,52.51,52.51,52.51,52.51,0.0,52.51
2019-11-22,52.06,52.06,52.06,52.06,0.0,52.06
2019-11-25,52.15,52.15,52.15,52.15,0.0,52.15
2019-11-26,52.23,52.23,52.23,52.23,0.0,52.23
2019-11-27,51.76,51.76,51.76,51.76,0.0,51.76
2019-11-29,50.75,50.75,50.75,50.75,0.0,50.75
2019-12-02,51.59,51.59,51.59,51.59,0.0,51.59
2019-12-03,51.63,51.63,51.63,51.63,0.0,51.63
2019-12-04,52.16,52.16,52.16,52.16,0.0,52.16
2019-12-05,51.64,51.64,51.64,51.64,0.0,51.64
2019-12-06,51.26,51.26,51.26,51.26,0.0,51.26
2019-12-09,51.4,51.4,51.22,51.22,1.0,51.4
2019-12-10,51.4,51.4,51.4,51.4,0.0,51.4
2019-12-11,51.3,51.3,51.3,51.3,0.0,51.3
2019-12-12,51.5,51.5,51.5,51.5,0.0,51.5
2019-12-13,51.27,51.27,51.27,51.27,0.0,51.27
2019-12-16,51.73,51.73,51.73,51.73,0.0,51.73
2019-12-17,51.41,51.41,51.41,51.41,0.0,51.41
2019-12-18,51.54,51.54,51.54,51.54,0.0,51.54
2019-12-19,51.64,51.64,51.64,51.64,0.0,51.64
2019-12-20,51.65,51.65,51.65,51.65,0.0,51.65
2019-12-23,51.78,51.78,51.78,51.78,0.0,51.78
2019-12-24,51.85,51.85,51.85,51.85,0.0,51.85
2019-12-26,51.72,51.72,51.72,51.72,0.0,51.72
2019-12-27,52.16,52.16,52.16,52.16,0.0,52.16
2019-12-30,52.39,52.39,52.39,52.39,0.0,52.39
2019-12-31,52.02,52.02,52.02,52.02,0.0,52.02
2020-01-02,52.36,52.36,52.36,52.36,0.0,52.36
2020-01-03,51.98,51.98,51.98,51.98,0.0,51.98
2020-01-06,51.89,51.89,51.89,51.89,0.0,51.89
2020-01-07,52.21,52.21,52.21,52.21,0.0,52.21
2020-01-08,51.81,51.81,51.81,51.81,0.0,51.81
2020-01-09,52.21,52.21,52.21,52.21,0.0,52.21
2020-01-10,51.92,51.92,51.92,51.92,0.0,51.92
2020-01-13,52.0,52.0,52.0,52.0,0.0,52.0
2020-01-14,52.04,52.04,52.04,52.04,0.0,52.04
2020-01-15,51.59,51.59,51.59,51.59,0.0,51.59
2020-01-16,51.84,51.84,51.84,51.84,0.0,51.84
2020-01-17,51.85,51.85,51.85,51.85,0.0,51.85
2020-01-21,52.19,52.19,52.19,52.19,0.0,52.19
2020-01-22,51.79,51.79,51.79,51.79,0.0,51.79
2020-01-23,50.83,50.83,50.83,50.83,0.0,50.83
2020-01-24,50.32,50.32,50.32,50.32,0.0,50.32
2020-01-27,50.81,50.81,50.81,50.81,0.0,50.81
2020-01-28,50.93,50.93,50.93,50.93,0.0,50.93
2020-01-29,50.81,50.81,50.81,50.81,0.0,50.81
2020-01-30,51.1,51.1,51.1,51.1,0.0,51.1
2020-01-31,51.2,51.2,51.2,51.2,0.0,51.2
2020-02-03,51.38,51.38,51.38,51.38,0.0,51.38
2020-02-04,51.3,51.3,51.3,51.3,0.0,51.3
2020-02-05,51.34,51.34,51.34,51.34,0.0,51.34
2020-02-06,52.02,52.02,52.02,52.02,0.0,52.02
2020-02-07,52.25,52.25,52.25,52.25,0.0,52.25
2020-02-10,52.4,52.4,52.4,52.4,0.0,52.4
2020-02-11,52.01,52.01,52.01,52.01,0.0,52.01
2020-02-12,51.63,51.63,51.63,51.63,0.0,51.63
2020-02-13,51.14,51.14,51.14,51.14,0.0,51.14
2020-02-14,51.21,51.21,51.21,51.21,0.0,51.21
2020-02-18,51.84,51.84,51.84,51.84,0.0,51.84
2020-02-19,51.95,51.95,51.95,51.95,0.0,51.95
2020-02-20,52.08,52.08,52.08,52.08,0.0,52.08
2020-02-21,52.03,52.03,52.03,52.03,0.0,52.03
2020-02-24,51.92,51.92,51.92,51.92,0.0,51.92
2020-02-25,50.63,50.63,50.63,50.63,0.0,50.63
2020-02-26,50.3,50.3,50.3,50.3,0.0,50.3
2020-02-27,50.35,50.35,50.35,50.35,0.0,50.35
2020-02-28,49.06,49.06,49.06,49.06,0.0,49.06
2020-03-02,49.81,49.81,49.81,49.81,0.0,49.81
2020-03-03,49.97,49.97,49.97,49.97,0.0,49.97
2020-03-04,50.1,50.1,50.1,50.1,0.0,50.1
2020-03-05,50.17,50.17,50.17,50.17,0.0,50.17
2020-03-06,49.77,49.77,49.77,49.77,0.0,49.77
2020-03-09,46.84,46.84,46.84,46.84,0.0,46.84
2020-03-10,47.76,47.76,47.76,47.76,0.0,47.76
2020-03-11,48.08,48.08,48.08,48.08,0.0,48.08
2020-03-12,48.72,48.72,48.72,48.72,0.0,48.72
2020-03-13,47.8,47.8,47.8,47.8,0.0,47.8
2020-03-16,45.29,45.29,45.29,45.29,0.0,45.29
2020-03-17,45.2,45.2,45.2,45.2,0.0,45.2
2020-03-18,41.94,41.94,41.94,41.94,0.0,41.94
2020-03-19,41.78,41.78,41.78,41.78,0.0,41.78
2020-03-20,40.39,40.39,40.39,40.39,0.0,40.39
2020-03-23,41.38,41.38,41.38,41.38,0.0,41.38
2020-03-24,42.21,42.21,42.21,42.21,0.0,42.21
2020-03-25,43.33,43.33,43.33,43.33,0.0,43.33
2020-03-26,43.0,43.0,43.0,43.0,0.0,43.0
2020-03-27,43.76,43.76,43.76,43.76,0.0,43.76
2020-03-30,44.44,44.44,44.44,44.44,0.0,44.44
2020-03-31,44.52,44.52,44.52,44.52,0.0,44.52
2020-04-01,43.81,43.81,43.81,43.81,0.0,43.81
2020-04-02,43.66,43.66,43.66,43.66,0.0,43.66
2020-04-03,42.77,42.77,42.77,42.77,0.0,42.77
2018-04-06,50.83,50.83,50.83,50.83,0.0,50.83
2018-04-09,50.98,50.98,50.98,50.98,0.0,50.98
2018-04-10,51.27,51.27,51.27,51.27,0.0,51.27
2018-04-11,51.57,51.57,51.57,51.57,0.0,51.57
2018-04-12,51.24,51.24,51.24,51.24,0.0,51.24
2018-04-13,51.17,51.17,51.17,51.17,0.0,51.17
2018-04-16,51.14,51.14,51.14,51.14,0.0,51.14
2018-04-17,51.09,51.09,51.09,51.09,0.0,51.09
2018-04-18,51.0,51.0,51.0,51.0,0.0,51.0
2018-04-19,51.18,51.18,51.18,51.18,0.0,51.18
2018-04-20,51.12,51.12,51.12,51.12,0.0,51.12
2018-04-23,51.45,51.45,51.45,51.45,0.0,51.45
2018-04-24,51.01,51.01,51.01,51.01,0.0,51.01
2018-04-25,50.9,50.9,50.9,50.9,0.0,50.9
2018-04-26,50.93,50.93,50.93,50.93,0.0,50.93
2018-04-27,50.59,50.59,50.59,50.59,0.0,50.59
2018-04-30,50.75,50.75,50.75,50.75,0.0,50.75
2018-05-01,50.46,50.46,50.46,50.46,0.0,50.46
2018-05-02,50.41,50.41,50.41,50.41,0.0,50.41
2018-05-03,50.86,50.86,50.86,50.86,0.0,50.86
2018-05-04,51.53,51.53,51.53,51.53,0.0,51.53
2018-05-07,51.86,51.86,51.86,51.86,0.0,51.86
2018-05-08,51.4,51.4,51.4,51.4,0.0,51.4
2018-05-09,52.21,52.21,52.21,52.21,0.0,52.21
2018-05-10,52.56,52.56,52.56,52.56,0.0,52.56
2018-05-11,52.75,52.75,52.75,52.75,0.0,52.75
2018-05-14,53.08,53.08,53.08,53.08,0.0,53.08
2018-05-15,53.51,53.51,53.51,53.51,0.0,53.51
2018-05-16,53.39,53.39,53.39,53.39,0.0,53.39
2018-05-17,54.01,54.01,54.01,54.01,0.0,54.01
2018-05-18,54.08,54.08,54.08,54.08,0.0,54.08
2018-05-21,54.46,54.46,54.46,54.46,0.0,54.46
2018-05-22,54.19,54.19,54.19,54.19,0.0,54.19
2018-05-23,53.46,53.46,53.46,53.46,0.0,53.46
2018-05-24,53.24,53.24,53.24,53.24,0.0,53.24
2018-05-25,52.28,52.28,52.28,52.28,0.0,52.28
2018-05-29,52.3,52.3,52.3,52.3,0.0,52.3
2018-05-30,52.6,52.6,52.6,52.6,0.0,52.6
2018-05-31,52.68,52.68,52.68,52.68,0.0,52.68
2018-06-01,53.88,53.88,53.88,53.88,0.0,53.88
2018-06-04,53.41,53.41,53.41,53.41,0.0,53.41
2018-06-05,53.49,53.49,53.49,53.49,0.0,53.49
2018-06-06,53.08,53.08,53.08,53.08,0.0,53.08
2018-06-07,53.6,53.6,53.6,53.6,0.0,53.6
2018-06-08,53.84,53.84,53.84,53.84,0.0,53.84
2018-06-11,54.09,54.09,54.09,54.09,0.0,54.09
2018-06-12,53.89,53.89,53.89,53.89,0.0,53.89
2018-06-13,54.95,54.95,54.95,54.95,0.0,54.95
2018-06-14,53.49,53.49,53.49,53.49,0.0,53.49
2018-06-15,52.14,52.14,52.14,52.14,0.0,52.14
2018-06-18,52.93,52.93,52.93,52.93,0.0,52.93
2018-06-19,52.63,52.63,52.63,52.63,0.0,52.63
2018-06-20,52.59,52.59,52.59,52.59,0.0,52.59
2018-06-21,52.4,52.4,52.4,52.4,0.0,52.4
2018-06-22,53.51,53.51,53.51,53.51,0.0,53.51
2018-06-25,53.6,53.6,53.6,53.6,0.0,53.6
2018-06-26,54.48,54.48,54.48,54.48,0.0,54.48
2018-06-27,54.49,54.49,54.49,54.49,0.0,54.49
2018-06-28,53.94,53.94,53.94,53.94,0.0,53.94
2018-06-29,53.48,53.48,53.48,53.48,0.0,53.48
2018-07-02,53.35,53.35,53.35,53.35,0.0,53.35
2018-07-05,53.71,53.71,53.71,53.71,0.0,53.71
2018-07-06,54.0,54.0,54.0,54.0,0.0,54.0
2018-07-09,54.06,54.06,54.06,54.06,0.0,54.06
2018-07-10,53.93,53.93,53.93,53.93,0.0,53.93
2018-07-11,53.07,53.07,53.07,53.07,0.0,53.07
2018-07-12,53.82,53.82,53.82,53.82,0.0,53.82
2018-07-13,53.4,53.4,53.4,53.4,0.0,53.4
2018-07-16,51.94,51.94,51.94,51.94,0.0,51.94
2018-07-17,52.3,52.3,52.3,52.3,0.0,52.3
2018-07-18,52.93,52.93,52.93,52.93,0.0,52.93
2018-07-19,53.02,53.02,53.02,53.02,0.0,53.02
2018-07-26,55.29,55.29,55.29,55.29,0.0,55.29
2018-07-27,54.81,54.81,54.81,54.81,0.0,54.81
2018-07-30,54.67,54.67,54.67,54.67,0.0,54.67
2018-07-31,54.38,54.38,54.38,54.38,0.0,54.38
2018-08-01,53.7,53.7,53.7,53.7,0.0,53.7
2018-08-02,54.09,54.09,54.09,54.09,0.0,54.09
2018-08-03,54.29,54.29,54.29,54.29,0.0,54.29
2018-08-06,54.65,54.65,54.65,54.65,0.0,54.65
2018-08-07,55.23,55.23,55.23,55.23,0.0,55.23
2018-08-08,54.12,54.12,54.12,54.12,0.0,54.12
2018-08-09,54.43,54.43,54.43,54.43,0.0,54.43
2018-08-10,54.31,54.31,54.31,54.31,0.0,54.31
2018-08-13,54.23,54.23,54.23,54.23,0.0,54.23
2018-08-14,54.78,54.78,54.78,54.78,0.0,54.78
2018-08-15,54.53,54.53,54.53,54.53,0.0,54.53
2018-08-16,54.83,54.83,54.83,54.83,0.0,54.83
2018-08-17,55.11,55.11,55.11,55.11,0.0,55.11
2018-08-20,54.97,54.97,54.97,54.97,0.0,54.97
2018-08-21,54.8,54.8,54.8,54.8,0.0,54.8
2018-08-22,55.69,55.69,55.69,55.69,0.0,55.69
2018-08-23,55.78,55.78,55.78,55.78,0.0,55.78
2018-08-24,56.11,56.11,56.11,56.11,0.0,56.11
2018-08-27,56.25,56.25,56.25,56.25,0.0,56.25
2018-08-28,56.16,56.16,56.16,56.16,0.0,56.16
2018-08-29,56.24,56.24,56.24,56.24,0.0,56.24
2018-08-30,56.08,56.08,56.08,56.08,0.0,56.08
2018-08-31,55.64,55.64,55.64,55.64,0.0,55.64
2018-09-04,55.76,55.76,55.76,55.76,0.0,55.76
2018-09-05,55.31,55.31,55.31,55.31,0.0,55.31
2018-09-06,54.89,54.89,54.89,54.89,0.0,54.89
2018-09-07,54.89,54.89,54.89,54.89,0.0,54.89
2018-09-10,54.95,54.95,54.95,54.95,0.0,54.95
2018-09-11,55.58,55.58,55.58,55.58,0.0,55.58
2018-09-12,56.23,56.23,56.23,56.23,0.0,56.23
2018-09-13,55.56,55.56,55.56,55.56,0.0,55.56
2018-09-14,55.99,55.99,55.99,55.99,0.0,55.99
2018-09-17,56.3,56.3,56.3,56.3,0.0,56.3
2018-09-18,56.21,56.21,56.21,56.21,0.0,56.21
2018-09-19,56.3,56.3,56.3,56.3,0.0,56.3
2018-09-20,56.1,56.1,56.1,56.1,0.0,56.1
2018-09-21,56.08,56.08,56.08,56.08,0.0,56.08
2018-09-24,56.54,56.54,56.54,56.54,0.0,56.54
2018-09-25,57.01,57.01,57.01,57.01,0.0,57.01
2018-09-26,56.72,56.72,56.72,56.72,0.0,56.72
2018-09-27,57.04,57.04,57.04,57.04,0.0,57.04
2018-09-28,57.34,57.34,57.34,57.34,0.0,57.34
2018-10-01,58.31,58.31,58.31,58.31,0.0,58.31
2018-10-02,58.34,58.34,58.34,58.34,0.0,58.34
2018-10-03,59.58,59.58,59.58,59.58,0.0,59.58
2018-10-04,58.28,58.28,58.28,58.28,0.0,58.28
2018-10-05,58.61,58.61,58.61,58.61,0.0,58.61
2018-10-08,58.57,58.57,58.57,58.57,0.0,58.57
2018-10-09,59.1,59.1,59.1,59.1,0.0,59.1
2018-10-10,57.59,57.59,57.59,57.59,0.0,57.59
2018-10-11,56.3,56.3,56.3,56.3,0.0,56.3
2018-10-12,56.07,56.07,56.07,56.07,0.0,56.07
2018-10-15,55.22,55.22,55.22,55.22,0.0,55.22
2018-10-16,54.99,54.99,54.99,54.99,0.0,54.99
2018-10-17,54.43,54.43,54.43,54.43,0.0,54.43
2018-10-18,54.27,54.27,54.27,54.27,0.0,54.27
2018-10-19,54.56,54.56,54.56,54.56,0.0,54.56
2018-10-22,55.82,55.82,55.82,55.82,0.0,55.82
2018-10-23,55.29,55.29,55.29,55.29,0.0,55.29
2018-10-24,55.1,55.1,55.1,55.1,0.0,55.1
2018-10-25,54.97,54.97,54.97,54.97,0.0,54.97
2018-10-26,55.7,55.7,55.7,55.7,0.0,55.7
2018-10-29,56.03,56.03,56.03,56.03,0.0,56.03
2018-10-30,54.94,54.94,54.94,54.94,0.0,54.94
2018-10-31,54.56,54.56,54.56,54.56,0.0,54.56
2018-11-01,53.28,53.28,53.28,53.28,0.0,53.28
2018-11-02,53.88,53.88,53.88,53.88,0.0,53.88
2018-11-05,54.46,54.46,54.46,54.46,0.0,54.46
2018-11-06,55.15,55.15,55.15,55.15,0.0,55.15
2018-11-07,58.06,58.06,58.06,58.06,0.0,58.06
2018-11-08,57.84,57.84,57.84,57.84,0.0,57.84
2018-11-09,57.71,57.71,57.71,57.71,0.0,57.71
2018-11-12,57.58,57.58,57.58,57.58,0.0,57.58
2018-11-13,56.31,56.31,56.31,56.31,0.0,56.31
2018-11-14,56.77,56.77,56.77,56.77,0.0,56.77
2018-11-15,55.41,55.41,55.41,55.41,0.0,55.41
2018-11-16,55.11,55.11,55.11,55.11,0.0,55.11
2018-11-19,55.49,55.49,55.49,55.49,0.0,55.49
2018-11-20,52.85,52.85,52.85,52.85,0.0,52.85
2018-11-21,53.56,53.56,53.56,53.56,0.0,53.56
2018-11-23,52.22,52.22,52.22,52.22,0.0,52.22
2018-11-26,52.79,52.79,52.79,52.79,0.0,52.79
2018-11-27,53.58,53.58,53.58,53.58,0.0,53.58
2018-11-28,53.75,53.75,53.75,53.75,0.0,53.75
2018-11-29,54.01,54.01,54.01,54.01,0.0,54.01
2018-11-30,52.47,52.47,52.47,52.47,0.0,52.47
2018-12-03,53.73,53.73,53.73,53.73,0.0,53.73
2018-12-04,53.89,53.89,53.89,53.89,0.0,53.89
2018-12-05,53.58,53.58,53.58,53.58,0.0,53.58
2018-12-06,52.99,52.99,52.99,52.99,0.0,52.99
2018-12-07,52.49,52.49,52.49,52.49,0.0,52.49
2018-12-10,51.43,51.43,51.43,51.43,0.0,51.43
2018-12-11,51.51,51.51,51.51,51.51,0.0,51.51
2018-12-12,51.66,51.66,51.66,51.66,0.0,51.66
2018-12-13,52.34,52.34,52.34,52.34,0.0,52.34
2018-12-14,51.89,51.89,51.89,51.89,0.0,51.89
2018-12-17,52.06,52.06,52.06,52.06,0.0,52.06
2018-12-18,50.55,50.55,50.55,50.55,0.0,50.55
2018-12-19,51.52,51.52,51.52,51.52,0.0,51.52
2018-12-20,51.09,51.09,51.09,51.09,0.0,51.09
2018-12-21,51.41,51.41,51.41,51.41,0.0,51.41
2018-12-24,50.8,50.8,50.8,50.8,0.0,50.8
2018-12-26,53.68,53.68,53.68,53.68,0.0,53.68
2018-12-27,52.12,52.12,52.12,52.12,0.0,52.12
2018-12-28,52.04,52.04,52.04,52.04,0.0,52.04
2018-12-31,53.06,53.06,53.06,53.06,0.0,53.06
2019-01-02,53.88,53.88,53.88,53.88,0.0,53.88
2019-01-03,54.12,54.12,54.12,54.12,0.0,54.12
2019-01-04,54.28,54.28,54.28,54.28,0.0,54.28
2019-01-07,54.02,54.02,54.02,54.02,0.0,54.02
2019-01-08,54.93,54.93,54.93,54.93,0.0,54.93
2019-01-09,55.83,55.83,55.83,55.83,0.0,55.83
2019-01-10,55.31,55.31,55.31,55.31,0.0,55.31
2019-01-11,54.42,54.42,54.42,54.42,0.0,54.42
2019-01-14,53.93,53.93,53.93,53.93,0.0,53.93
2019-01-15,54.45,54.45,54.45,54.45,0.0,54.45
2019-01-16,54.78,54.78,54.78,54.78,0.0,54.78
2019-01-17,53.99,53.99,53.99,53.99,0.0,53.99
2019-01-18,53.18,53.18,53.18,53.18,0.0,53.18
2019-01-22,53.68,53.68,53.68,53.68,0.0,53.68
2019-01-23,53.66,53.66,53.66,53.66,0.0,53.66
2019-01-24,53.78,53.78,53.78,53.78,0.0,53.78
2019-01-25,53.86,53.86,53.86,53.86,0.0,53.86
2019-01-28,53.7,53.7,53.7,53.7,0.0,53.7
2019-01-29,54.04,54.04,54.04,54.04,0.0,54.04
2019-01-30,53.67,53.67,53.67,53.67,0.0,53.67
2019-01-31,53.1,53.1,53.1,53.1,0.0,53.1
2019-02-01,54.31,54.31,54.31,54.31,0.0,54.31
2019-02-04,54.11,54.11,54.11,54.11,0.0,54.11
2019-02-05,53.72,53.72,53.72,53.72,0.0,53.72
2019-02-06,53.38,53.38,53.38,53.38,0.0,53.38
2019-02-07,52.9,52.9,52.9,52.9,0.0,52.9
2019-02-08,52.85,52.85,52.85,52.85,0.0,52.85
2019-02-11,53.02,53.02,53.02,53.02,0.0,53.02
2019-02-12,53.19,53.19,53.19,53.19,0.0,53.19
2019-02-13,53.73,53.73,53.73,53.73,0.0,53.73
2019-02-14,53.73,53.73,53.73,53.73,0.0,53.73
2019-02-15,54.02,54.02,54.02,54.02,0.0,54.02
2019-02-19,54.49,54.49,54.49,54.49,0.0,54.49
2019-02-20,54.47,54.47,54.47,54.47,0.0,54.47
2019-02-21,54.45,54.45,54.45,54.45,0.0,54.45
2019-02-22,54.17,54.17,54.17,54.17,0.0,54.17
2019-02-25,53.61,53.61,53.61,53.61,0.0,53.61
2019-02-26,53.83,53.83,53.83,53.83,0.0,53.83
2019-02-27,54.18,54.18,54.18,54.18,0.0,54.18
2019-02-28,54.15,54.15,54.15,54.15,0.0,54.15
2019-03-01,53.42,53.42,53.42,53.42,0.0,53.42
2019-03-04,54.3,54.3,54.3,54.3,0.0,54.3
2019-03-05,54.23,54.23,54.23,54.23,0.0,54.23
2019-03-06,54.24,54.24,54.24,54.24,0.0,54.24
2019-03-07,54.22,54.22,54.22,54.22,0.0,54.22
2019-03-08,53.94,53.94,53.94,53.94,0.0,53.94
2019-03-11,53.98,53.98,53.98,53.98,0.0,53.98
2019-03-12,54.1,54.1,54.1,54.1,0.0,54.1
2019-03-13,54.43,54.43,54.43,54.43,0.0,54.43
2019-03-14,54.24,54.24,54.24,54.24,0.0,54.24
2019-03-15,54.42,54.42,54.42,54.42,0.0,54.42
2019-03-18,54.59,54.59,54.59,54.59,0.0,54.59
2019-03-19,54.53,54.53,54.53,54.53,0.0,54.53
2019-03-20,54.33,54.33,54.33,54.33,0.0,54.33
2019-03-21,54.04,54.04,54.04,54.04,0.0,54.04
2019-03-22,53.69,53.69,53.69,53.69,0.0,53.69
2019-03-25,53.76,53.76,53.76,53.76,0.0,53.76
2019-03-26,53.54,53.54,53.54,53.54,0.0,53.54
2019-03-27,53.33,53.33,53.33,53.33,0.0,53.33
2019-03-28,53.58,53.58,53.58,53.58,0.0,53.58
2019-03-29,53.46,53.46,53.46,53.46,0.0,53.46
2019-04-01,53.27,53.27,53.27,53.27,0.0,53.27
2019-04-02,52.99,52.99,52.99,52.99,0.0,52.99
2019-04-03,53.28,53.28,53.28,53.28,0.0,53.28
2019-04-04,53.29,53.29,53.29,53.29,0.0,53.29
2019-04-05,53.44,53.44,53.44,53.44,0.0,53.44
2017-04-06,56.31,56.31,56.31,56.31,0.0,56.31
2017-04-07,56.6,56.6,56.6,56.6,0.0,56.6
2017-04-10,57.18,57.18,57.18,57.18,0.0,57.18
2017-04-11,57.5,57.5,57.5,57.5,0.0,57.5
2017-04-12,57.78,57.78,57.78,57.78,0.0,57.78
2017-04-13,57.62,57.62,57.62,57.62,0.0,57.62
2017-04-17,57.42,57.42,57.42,57.42,0.0,57.42
2017-04-18,57.17,57.17,57.17,57.17,0.0,57.17
2017-04-19,56.07,56.07,56.07,56.07,0.0,56.07
2017-04-20,55.9,55.9,55.9,55.9,0.0,55.9
2017-04-21,55.84,55.84,55.84,55.84,0.0,55.84
2017-04-24,55.44,55.44,55.44,55.44,0.0,55.44
2017-04-25,55.29,55.29,55.29,55.29,0.0,55.29
2017-04-26,55.27,55.27,55.27,55.27,0.0,55.27
2017-04-27,54.55,54.55,54.55,54.55,0.0,54.55
2017-04-28,54.76,54.76,54.76,54.76,0.0,54.76
2017-05-01,54.38,54.38,54.38,54.38,0.0,54.38
2017-05-02,53.68,53.68,53.68,53.68,0.0,53.68
2017-05-03,54.1,54.1,54.1,54.1,0.0,54.1
2017-05-04,53.23,53.23,53.23,53.23,0.0,53.23
2017-05-05,54.62,54.62,54.62,54.62,0.0,54.62
2017-05-08,54.85,54.85,54.85,54.85,0.0,54.85
2017-05-09,54.52,54.52,54.52,54.52,0.0,54.52
2017-05-10,55.03,55.03,55.03,55.03,0.0,55.03
2017-05-11,55.19,55.19,55.19,55.19,0.0,55.19
2017-05-12,54.75,54.75,54.75,54.75,0.0,54.75
2017-05-15,54.71,54.71,54.71,54.71,0.0,54.71
2017-05-16,54.9,54.9,54.9,54.9,0.0,54.9
2017-05-17,54.96,54.96,54.96,54.96,0.0,54.96
2017-05-18,55.14,55.14,55.14,55.14,0.0,55.14
2017-05-19,55.75,55.75,55.75,55.75,0.0,55.75
2017-05-22,55.82,55.82,55.82,55.82,0.0,55.82
2017-05-23,55.81,55.81,55.81,55.81,0.0,55.81
2017-05-24,55.22,55.22,55.22,55.22,0.0,55.22
2017-05-25,54.1,54.1,54.1,54.1,0.0,54.1
2017-05-26,54.71,54.71,54.71,54.71,0.0,54.71
2017-05-30,54.8,54.8,54.8,54.8,0.0,54.8
2017-05-31,53.78,53.78,53.78,53.78,0.0,53.78
2017-06-01,53.79,53.79,53.79,53.79,0.0,53.79
2017-06-02,53.6,53.6,53.6,53.6,0.0,53.6
2017-06-05,53.61,53.61,53.61,53.61,0.0,53.61
2017-06-06,53.61,53.61,53.61,53.61,0.0,53.61
2017-06-07,52.95,52.95,52.95,52.95,0.0,52.95
2017-06-08,53.74,53.74,53.74,53.74,0.0,53.74
2017-06-09,53.86,53.86,53.86,53.86,0.0,53.86
2017-06-12,54.02,54.02,54.02,54.02,0.0,54.02
2017-06-13,54.21,54.21,54.21,54.21,0.0,54.21
2017-06-14,53.71,53.71,53.71,53.71,0.0,53.71
2017-06-15,54.45,54.45,54.45,54.45,0.0,54.45
2017-06-16,54.5,54.5,54.5,54.5,0.0,54.5
2017-06-19,54.24,54.24,54.24,54.24,0.0,54.24
2017-06-20,54.29,54.29,54.29,54.29,0.0,54.29
2017-06-21,54.17,54.17,54.17,54.17,0.0,54.17
2017-06-22,54.15,54.15,54.15,54.15,0.0,54.15
2017-06-23,53.92,53.92,53.92,53.92,0.0,53.92
2017-06-26,53.92,53.92,53.92,53.92,0.0,53.92
2017-06-27,54.41,54.41,54.41,54.41,0.0,54.41
2017-06-28,54.48,54.48,54.48,54.48,0.0,54.48
2017-06-29,54.82,54.82,54.82,54.82,0.0,54.82
2017-06-30,55.74,55.74,55.74,55.74,0.0,55.74
2017-07-05,55.38,55.38,55.38,55.38,0.0,55.38
2017-07-06,55.38,55.38,55.38,55.38,0.0,55.38
2017-07-07,54.58,54.58,54.58,54.58,0.0,54.58
2017-07-10,55.5,55.5,55.5,55.5,0.0,55.5
2017-07-11,56.29,56.29,56.29,56.29,0.0,56.29
2017-07-12,56.11,56.11,56.11,56.11,0.0,56.11
2017-07-13,56.46,56.46,56.46,56.46,0.0,56.46
2017-07-14,56.85,56.85,56.85,56.85,0.0,56.85
2017-07-17,56.59,56.59,56.59,56.59,0.0,56.59
2017-07-18,56.29,56.29,56.29,56.29,0.0,56.29
2017-07-25,56.23,56.23,56.23,56.23,0.0,56.23
2017-07-26,56.15,56.15,56.15,56.15,0.0,56.15
2017-07-27,55.77,55.77,55.77,55.77,0.0,55.77
2017-07-28,55.8,55.8,55.8,55.8,0.0,55.8
2017-07-31,56.23,56.23,56.23,56.23,0.0,56.23
2017-08-01,55.62,55.62,55.62,55.62,0.0,55.62
2017-08-02,55.8,55.8,55.8,55.8,0.0,55.8
2017-08-03,55.4,55.4,55.4,55.4,0.0,55.4
2017-08-04,55.76,55.76,55.76,55.76,0.0,55.76
2017-08-07,55.57,55.57,55.57,55.57,0.0,55.57
2017-08-08,55.23,55.23,55.23,55.23,0.0,55.23
2017-08-09,55.07,55.07,55.07,55.07,0.0,55.07
2017-08-10,53.96,53.96,53.96,53.96,0.0,53.96
2017-08-11,53.8,53.8,53.8,53.8,0.0,53.8
2017-08-14,53.48,53.48,53.48,53.48,0.0,53.48
2017-08-15,53.58,53.58,53.58,53.58,0.0,53.58
2017-08-16,53.54,53.54,53.54,53.54,0.0,53.54
2017-08-17,53.66,53.66,53.66,53.66,0.0,53.66
2017-08-18,54.79,54.79,54.79,54.79,0.0,54.79
2017-08-21,53.73,53.73,53.73,53.73,0.0,53.73
2017-08-22,54.34,54.34,54.34,54.34,0.0,54.34
2017-08-23,54.64,54.64,54.64,54.64,0.0,54.64
2017-08-24,54.37,54.37,54.37,54.37,0.0,54.37
2017-08-25,54.43,54.43,54.43,54.43,0.0,54.43
2017-08-28,54.02,54.02,54.02,54.02,0.0,54.02
2017-08-29,54.59,54.59,54.59,54.59,0.0,54.59
2017-08-30,54.2,54.2,54.2,54.2,0.0,54.2
2017-08-31,55.8,55.8,55.8,55.8,0.0,55.8
2017-09-01,55.86,55.86,55.86,55.86,0.0,55.86
2017-09-05,55.91,55.91,55.91,55.91,0.0,55.91
2017-09-06,55.86,55.86,55.86,55.86,0.0,55.86
2017-09-07,55.83,55.83,55.83,55.83,0.0,55.83
2017-09-08,54.91,54.91,54.91,54.91,0.0,54.91
2017-09-11,54.93,54.93,54.93,54.93,0.0,54.93
2017-09-12,54.74,54.74,54.74,54.74,0.0,54.74
2017-09-13,54.5,54.5,54.5,54.5,0.0,54.5
2017-09-14,54.54,54.54,54.54,54.54,0.0,54.54
2017-09-15,54.77,54.77,54.77,54.77,0.0,54.77
2017-09-18,54.27,54.27,54.27,54.27,0.0,54.27
2017-09-19,53.83,53.83,53.83,53.83,0.0,53.83
2017-09-20,53.84,53.84,53.84,53.84,0.0,53.84
2017-09-21,53.62,53.62,53.62,53.62,0.0,53.62
2017-09-22,53.6,53.6,53.6,53.6,0.0,53.6
2017-09-25,52.94,52.94,52.94,52.94,0.0,52.94
2017-09-26,52.9,52.9,52.9,52.9,0.0,52.9
2017-09-27,52.7,52.7,52.7,52.7,0.0,52.7
2017-09-28,52.27,52.27,52.27,52.27,0.0,52.27
2017-09-29,52.61,52.61,52.61,52.61,0.0,52.61
2017-10-02,52.05,52.05,52.05,52.05,0.0,52.05
2017-10-03,52.11,52.11,52.11,52.11,0.0,52.11
2017-10-04,52.33,52.33,52.33,52.33,0.0,52.33
2017-10-05,52.7,52.7,52.7,52.7,0.0,52.7
2017-10-06,51.81,51.81,51.81,51.81,0.0,51.81
2017-10-09,52.01,52.01,52.01,52.01,0.0,52.01
2017-10-10,51.98,51.98,51.98,51.98,0.0,51.98
2017-10-11,52.14,52.14,52.14,52.14,0.0,52.14
2017-10-12,51.78,51.78,51.78,51.78,0.0,51.78
2017-10-13,51.74,51.74,51.74,51.74,0.0,51.74
2017-10-16,51.43,51.43,51.43,51.43,0.0,51.43
2017-10-17,51.15,51.15,51.15,51.15,0.0,51.15
2017-10-18,51.38,51.38,51.38,51.38,0.0,51.38
2017-10-19,51.32,51.32,51.32,51.32,0.0,51.32
2017-10-20,51.54,51.54,51.54,51.54,0.0,51.54
2017-10-23,51.3,51.3,51.3,51.3,0.0,51.3
2017-10-24,51.63,51.63,51.63,51.63,0.0,51.63
2017-10-25,51.68,51.68,51.68,51.68,0.0,51.68
2017-10-26,51.63,51.63,51.63,51.63,0.0,51.63
2017-10-27,51.96,51.96,51.96,51.96,0.0,51.96
2017-10-30,51.95,51.95,51.95,51.95,0.0,51.95
2017-10-31,51.78,51.78,51.78,51.78,0.0,51.78
2017-11-01,51.48,51.48,51.48,51.48,0.0,51.48
2017-11-02,51.32,51.32,51.32,51.32,0.0,51.32
2017-11-03,51.39,51.39,51.39,51.39,0.0,51.39
2017-11-06,51.07,51.07,51.07,51.07,0.0,51.07
2017-11-07,51.43,51.43,51.43,51.43,0.0,51.43
2017-11-08,52.22,52.22,52.22,52.22,0.0,52.22
2017-11-09,52.26,52.26,52.26,52.26,0.0,52.26
2017-11-10,52.71,52.71,52.71,52.71,0.0,52.71
2017-11-13,53.23,53.23,53.23,53.23,0.0,53.23
2017-11-14,52.43,52.43,52.43,52.43,0.0,52.43
2017-11-15,52.23,52.23,52.23,52.23,0.0,52.23
2017-11-16,51.14,51.14,51.14,51.14,0.0,51.14
2017-11-17,50.88,50.88,50.88,50.88,0.0,50.88
2017-11-20,50.6,50.6,50.6,50.6,0.0,50.6
2017-11-21,50.28,50.28,50.28,50.28,0.0,50.28
2017-11-22,50.23,50.23,50.23,50.23,0.0,50.23
2017-11-24,50.45,50.45,50.45,50.45,0.0,50.45
2017-11-27,51.0,51.0,51.0,51.0,0.0,51.0
2017-11-28,51.15,51.15,51.15,51.15,0.0,51.15
2017-11-29,51.39,51.39,51.39,51.39,0.0,51.39
2017-11-30,51.38,51.38,51.38,51.38,0.0,51.38
2017-12-01,51.23,51.23,51.23,51.23,0.0,51.23
2017-12-04,51.38,51.38,51.38,51.38,0.0,51.38
2017-12-05,51.48,51.48,51.48,51.48,0.0,51.48
2017-12-06,51.14,51.14,51.14,51.14,0.0,51.14
2017-12-07,51.61,51.61,51.61,51.61,0.0,51.61
2017-12-08,51.61,51.61,51.61,51.61,0.0,51.61
2017-12-11,51.7,51.7,51.7,51.7,0.0,51.7
2017-12-12,51.35,51.35,51.35,51.35,0.0,51.35
2017-12-13,50.32,50.32,50.32,50.32,0.0,50.32
2017-12-14,50.42,50.42,50.42,50.42,0.0,50.42
2017-12-15,50.07,50.07,50.07,50.07,0.0,50.07
2017-12-18,50.72,50.72,50.72,50.72,0.0,50.72
2017-12-19,51.21,51.21,51.21,51.21,0.0,51.21
2017-12-20,51.08,51.08,51.08,51.08,0.0,51.08
2017-12-21,51.16,51.16,51.16,51.16,0.0,51.16
2017-12-22,51.52,51.52,51.52,51.52,0.0,51.52
2017-12-26,51.9,51.9,51.9,51.9,0.0,51.9
2017-12-27,52.24,52.24,52.24,52.24,0.0,52.24
2017-12-28,52.37,52.37,52.37,52.37,0.0,52.37
2017-12-29,52.14,52.14,52.14,52.14,0.0,52.14
2018-01-02,51.96,51.96,51.96,51.96,0.0,51.96
2018-01-03,52.05,52.05,52.05,52.05,0.0,52.05
2018-01-04,52.09,52.09,52.09,52.09,0.0,52.09
2018-01-05,52.4,52.4,52.4,52.4,0.0,52.4
2018-01-08,52.86,52.86,52.86,52.86,0.0,52.86
2018-01-09,53.23,53.23,53.23,53.23,0.0,53.23
2018-01-10,52.99,52.99,52.99,52.99,0.0,52.99
2018-01-11,53.09,53.09,53.09,53.09,0.0,53.09
2018-01-12,53.18,53.18,53.18,53.18,0.0,53.18
2018-01-16,53.24,53.24,53.24,53.24,0.0,53.24
2018-01-17,53.52,53.52,53.52,53.52,0.0,53.52
2018-01-18,53.77,53.77,53.77,53.77,0.0,53.77
2018-01-19,54.07,54.07,54.07,54.07,0.0,54.07
2018-01-22,54.18,54.18,54.18,54.18,0.0,54.18
2018-01-23,54.4,54.4,54.4,54.4,0.0,54.4
2018-01-24,53.86,53.86,53.86,53.86,0.0,53.86
2018-01-25,54.04,54.04,54.04,54.04,0.0,54.04
2018-01-26,53.93,53.93,53.93,53.93,0.0,53.93
2018-01-29,53.56,53.56,53.56,53.56,0.0,53.56
2018-01-30,52.94,52.94,52.94,52.94,0.0,52.94
2018-01-31,52.75,52.75,52.75,52.75,0.0,52.75
2018-02-01,52.74,52.74,52.74,52.74,0.0,52.74
2018-02-02,51.78,51.78,51.78,51.78,0.0,51.78
2018-02-05,51.44,51.44,51.44,51.44,0.0,51.44
2018-02-06,51.19,51.19,51.19,51.19,0.0,51.19
2018-02-07,50.56,50.56,50.56,50.56,0.0,50.56
2018-02-08,50.59,50.59,50.59,50.59,0.0,50.59
2018-02-09,50.05,50.05,50.05,50.05,0.0,50.05
2018-02-12,50.28,50.28,50.28,50.28,0.0,50.28
2018-02-13,50.97,50.97,50.97,50.97,0.0,50.97
2018-02-14,50.94,50.94,50.94,50.94,0.0,50.94
2018-02-15,50.9,50.9,50.9,50.9,0.0,50.9
2018-02-16,51.19,51.19,51.19,51.19,0.0,51.19
2018-02-20,51.79,51.79,51.79,51.79,0.0,51.79
2018-02-21,51.83,51.83,51.83,51.83,0.0,51.83
2018-02-22,51.97,51.97,51.97,51.97,0.0,51.97
2018-02-23,52.76,52.76,52.76,52.76,0.0,52.76
2018-02-26,53.37,53.37,53.37,53.37,0.0,53.37
2018-02-27,52.97,52.97,52.97,52.97,0.0,52.97
2018-02-28,51.43,51.43,51.43,51.43,0.0,51.43
2018-03-01,51.12,51.12,51.12,51.12,0.0,51.12
2018-03-02,51.15,51.15,51.15,51.15,0.0,51.15
2018-03-05,51.84,51.84,51.84,51.84,0.0,51.84
2018-03-06,51.91,51.91,51.91,51.91,0.0,51.91
2018-03-07,51.31,51.31,51.31,51.31,0.0,51.31
2018-03-08,51.32,51.32,51.32,51.32,0.0,51.32
2018-03-09,52.29,52.29,52.29,52.29,0.0,52.29
2018-03-12,52.19,52.19,52.19,52.19,0.0,52.19
2018-03-13,52.08,52.08,52.08,52.08,0.0,52.08
2018-03-14,52.22,52.22,52.22,52.22,0.0,52.22
2018-03-15,52.01,52.01,52.01,52.01,0.0,52.01
2018-03-16,51.99,51.99,51.99,51.99,0.0,51.99
2018-03-19,51.58,51.58,51.58,51.58,0.0,51.58
2018-03-20,51.74,51.74,51.74,51.74,0.0,51.74
2018-03-21,52.45,52.45,52.45,52.45,0.0,52.45
2018-03-22,52.0,52.0,52.0,52.0,0.0,52.0
2018-03-23,52.41,52.41,52.41,52.41,0.0,52.41
2018-03-26,52.22,52.22,52.22,52.22,0.0,52.22
2018-03-27,52.22,52.22,52.22,52.22,0.0,52.22
2018-03-28,52.2,52.2,52.2,52.2,0.0,52.2
2018-03-29,51.98,51.98,51.98,51.98,0.0,51.98
2018-04-02,51.04,51.04,51.04,51.04,0.0,51.04
2018-04-03,51.42,51.42,51.42,51.42,0.0,51.42
2018-04-04,51.38,51.38,51.38,51.38,0.0,51.38
2018-04-05,51.53,51.53,51.53,51.53,0.0,51.53
2016-11-23,58.66,58.66,58.66,58.66,0.0,58.66
2016-11-25,57.32,57.32,57.32,57.32,0.0,57.32
2016-11-28,57.85,57.85,57.85,57.85,0.0,57.85
2016-11-29,56.51,56.51,56.51,56.51,0.0,56.51
2016-11-30,58.29,58.29,58.29,58.29,0.0,58.29
2016-12-01,58.06,58.06,58.06,58.06,0.0,58.06
2016-12-02,58.72,58.72,58.72,58.72,0.0,58.72
2016-12-05,58.86,58.86,58.86,58.86,0.0,58.86
2016-12-06,58.35,58.35,58.35,58.35,0.0,58.35
2016-12-07,57.88,57.88,57.88,57.88,0.0,57.88
2016-12-08,57.96,57.96,57.96,57.96,0.0,57.96
2016-12-09,58.26,58.26,58.26,58.26,0.0,58.26
2016-12-12,57.83,57.83,57.83,57.83,0.0,57.83
2016-12-13,57.87,57.87,57.87,57.87,0.0,57.87
2016-12-14,56.95,56.95,56.95,56.95,0.0,56.95
2016-12-15,56.65,56.65,56.65,56.65,0.0,56.65
2016-12-16,57.05,57.05,57.05,57.05,0.0,57.05
2016-12-19,57.23,57.23,57.23,57.23,0.0,57.23
2016-12-20,57.77,57.77,57.77,57.77,0.0,57.77
2016-12-21,56.96,56.96,56.96,56.96,0.0,56.96
2016-12-22,56.95,56.95,56.95,56.95,0.0,56.95
2016-12-23,57.22,57.22,57.22,57.22,0.0,57.22
2016-12-27,57.7,57.7,57.7,57.7,0.0,57.7
2016-12-28,57.84,57.84,57.84,57.84,0.0,57.84
2016-12-29,57.99,57.99,57.99,57.99,0.0,57.99
2016-12-30,57.95,57.95,57.95,57.95,0.0,57.95
2017-01-03,57.07,57.07,57.07,57.07,0.0,57.07
2017-01-04,58.22,58.22,58.22,58.22,0.0,58.22
2017-01-05,58.79,58.79,58.79,58.79,0.0,58.79
2017-01-06,58.93,58.93,58.93,58.93,0.0,58.93
2017-01-09,57.84,57.84,57.84,57.84,0.0,57.84
2017-01-10,57.47,57.47,57.47,57.47,0.0,57.47
2017-01-11,58.31,58.31,58.31,58.31,0.0,58.31
2017-01-12,58.66,58.66,58.66,58.66,0.0,58.66
2017-01-13,58.2,58.2,58.2,58.2,0.0,58.2
2017-01-17,57.82,57.82,57.82,57.82,0.0,57.82
2017-01-18,57.29,57.29,57.29,57.29,0.0,57.29
2017-01-19,57.49,57.49,57.49,57.49,0.0,57.49
2017-01-20,58.26,58.26,58.26,58.26,0.0,58.26
2017-01-23,57.89,57.89,57.89,57.89,0.0,57.89
2017-01-24,58.12,58.12,58.12,58.12,0.0,58.12
2017-01-25,57.85,57.85,57.85,57.85,0.0,57.85
2017-01-26,58.18,58.18,58.18,58.18,0.0,58.18
2017-01-27,57.54,57.54,57.54,57.54,0.0,57.54
2017-01-30,57.42,57.42,57.42,57.42,0.0,57.42
2017-01-31,57.6,57.6,57.6,57.6,0.0,57.6
2017-02-01,58.33,58.33,58.33,58.33,0.0,58.33
2017-02-02,58.19,58.19,58.19,58.19,0.0,58.19
2017-02-03,58.54,58.54,58.54,58.54,0.0,58.54
2017-02-06,58.29,58.29,58.29,58.29,0.0,58.29
2017-02-07,57.7,57.7,57.7,57.7,0.0,57.7
2017-02-08,57.8,57.8,57.8,57.8,0.0,57.8
2017-02-09,57.84,57.84,57.84,57.84,0.0,57.84
2017-02-10,57.94,57.94,57.94,57.94,0.0,57.94
2017-02-13,57.4,57.4,57.4,57.4,0.0,57.4
2017-02-14,57.32,57.32,57.32,57.32,0.0,57.32
2017-02-15,56.82,56.82,56.82,56.82,0.0,56.82
2017-02-16,56.75,56.75,56.75,56.75,0.0,56.75
2017-02-17,56.52,56.52,56.52,56.52,0.0,56.52
2017-02-21,55.8,55.8,55.8,55.8,0.0,55.8
2017-02-22,55.36,55.36,55.36,55.36,0.0,55.36
2017-02-23,55.88,55.88,55.88,55.88,0.0,55.88
2017-02-24,55.66,55.66,55.66,55.66,0.0,55.66
2017-02-27,56.13,56.13,56.13,56.13,0.0,56.13
2017-02-28,57.02,57.02,57.02,57.02,0.0,57.02
2017-03-01,56.94,56.94,56.94,56.94,0.0,56.94
2017-03-02,56.77,56.77,56.77,56.77,0.0,56.77
2017-03-03,57.04,57.04,57.04,57.04,0.0,57.04
2017-03-06,57.11,57.11,57.11,57.11,0.0,57.11
2017-03-07,57.05,57.05,57.05,57.05,0.0,57.05
2017-03-08,55.6,55.6,55.6,55.6,0.0,55.6
2017-03-09,54.97,54.97,54.97,54.97,0.0,54.97
2017-03-10,54.28,54.28,54.28,54.28,0.0,54.28
2017-03-13,54.5,54.5,54.5,54.5,0.0,54.5
2017-03-14,54.45,54.45,54.45,54.45,0.0,54.45
2017-03-15,54.52,54.52,54.52,54.52,0.0,54.52
2017-03-16,54.3,54.3,54.3,54.3,0.0,54.3
2017-03-17,54.24,54.24,54.24,54.24,0.0,54.24
2017-03-20,54.12,54.12,54.12,54.12,0.0,54.12
2017-03-21,54.12,54.12,54.12,54.12,0.0,54.12
2017-03-22,54.39,54.39,54.39,54.39,0.0,54.39
2017-03-23,54.14,54.14,54.14,54.14,0.0,54.14
2017-03-24,54.28,54.28,54.28,54.28,0.0,54.28
2017-03-27,54.54,54.54,54.54,54.54,0.0,54.54
2017-03-28,54.25,54.25,54.25,54.25,0.0,54.25
2017-03-29,54.34,54.34,54.34,54.34,0.0,54.34
2017-03-30,54.95,54.95,54.95,54.95,0.0,54.95
2017-03-31,55.44,55.44,55.44,55.44,0.0,55.44
2017-04-03,55.83,55.83,55.83,55.83,0.0,55.83
2017-04-04,56.18,56.18,56.18,56.18,0.0,56.18
2017-04-05,56.06,56.06,56.06,56.06,0.0,56.06
